filename,fc,ml,cc
Config.java,52,553,12
DatabaseDescriptor.java,87,2092,471
TransparentDataEncryptionOptions.java,1,76,10
CipherFactory.java,3,180,16
EncryptionContext.java,2,184,30
JKSKeyProvider.java,3,101,8
KeyProvider.java,1,33,0
cassandra.keystore,2,0,0
cassandra_encryption.yaml,1,14,0
CipherFactoryTest.java,4,118,10
EncryptionContextGenerator.java,2,61,4
JKSKeyProviderTest.java,1,52,3
Util.java,19,314,94
WaitQueueTest.java,2,95,13
ColumnFamilyStore.java,89,1966,373
RangeTombstoneList.java,6,112,141
TokenSerializer.java,2,12,5
DataIntegrityMetadata.java,5,105,24
DataOutputBuffer.java,13,327,27
TypeSerializer.java,2,15,3
ByteBufferUtil.java,10,195,84
Hex.java,2,16,25
CommitLogFailurePolicyTest.java,1,64,5
SSTableLoaderTest.java,4,92,13
CHANGES.txt,1534,2467,0
PartitionColumns.java,2,21,49
AbstractBTreePartition.java,11,132,71
AtomicBTreePartition.java,4,140,47
CachedBTreePartition.java,2,8,17
FilteredPartition.java,2,6,4
ImmutableBTreePartition.java,2,12,8
PartitionUpdate.java,19,441,99
ma-1-big-CompressionInfo.db,6,0,0
ma-1-big-Data.db,8,0,0
ma-1-big-Digest.crc32,8,12,0
ma-1-big-Statistics.db,8,0,0
ma-1-big-TOC.txt,8,64,0
CassandraDaemon.java,51,1001,117
DataResource.java,1,29,42
CFMetaData.java,32,581,283
TimeFcts.java,4,48,28
ModificationStatement.java,26,319,127
SelectStatement.java,44,1174,177
CompositeType.java,6,94,85
UUIDType.java,1,2,24
UUIDSerializer.java,1,2,10
ClientState.java,9,172,78
UUIDGen.java,11,116,39
UUIDTests.java,2,67,12
ScheduledExecutors.java,6,38,1
UntypedResultSet.java,3,9,65
PartitionRangeReadCommand.java,14,239,55
ReadCommand.java,36,642,227
ReadCommandVerbHandler.java,5,23,4
ReadExecutionController.java,3,30,17
ReadQuery.java,5,42,1
SinglePartitionNamesCommand.java,1,2,49
SinglePartitionReadCommand.java,38,994,157
SinglePartitionSliceCommand.java,2,9,29
Slices.java,8,120,140
ClusteringIndexNamesFilter.java,8,96,39
ColumnFilter.java,15,640,85
ApproximateTime.java,2,63,2
ConstructionTime.java,2,82,0
Monitorable.java,3,38,0
MonitorableImpl.java,3,151,24
MonitoringState.java,1,26,0
MonitoringTask.java,4,549,48
View.java,26,1060,32
ViewBuilder.java,14,262,23
Index.java,12,179,2
CassandraIndexSearcher.java,2,22,17
CompositesSearcher.java,11,484,27
KeysSearcher.java,8,63,21
IAsyncCallback.java,2,9,2
IAsyncCallbackWithFailure.java,2,6,0
IVerbHandler.java,2,6,0
IncomingTcpConnection.java,11,64,27
MessageDeliveryTask.java,7,128,13
MessageIn.java,10,178,27
MessagingService.java,36,574,165
SchemaKeyspace.java,32,766,189
ByteSerializer.java,1,2,10
ReadCallback.java,8,61,43
StorageProxy.java,53,1667,377
AbstractQueryPager.java,11,155,36
MultiPartitionPager.java,8,123,31
QueryPager.java,3,34,1
FBUtilities.java,24,380,152
NanoTimeToCurrentTimeMillis.java,3,64,5
logback-test.xml,5,13,0
KeyspaceTest.java,6,135,58
ReadCommandTest.java,6,552,14
RepairedDataTombstonesTest.java,3,97,43
SecondaryIndexTest.java,32,1310,27
SinglePartitionSliceCommandTest.java,10,329,32
MonitoringTaskTest.java,3,563,37
HintTest.java,4,173,16
StubIndex.java,6,51,21
CassandraIndexTest.java,14,251,60
SSTableReaderTest.java,8,385,44
DataResolverTest.java,11,499,65
QueryPagerTest.java,6,155,45
NanoTimeToCurrentTimeMillisTest.java,2,9,5
build.xml,206,2869,0
AutoSavingCache.java,11,97,58
OHCProvider.java,2,5,43
Clustering.java,4,175,25
Memtable.java,18,748,85
ReadResponse.java,11,269,66
SystemKeyspace.java,31,481,159
WindowsFailedSnapshotTracker.java,3,85,10
CompactionManager.java,74,1279,265
Scrubber.java,21,433,138
Upgrader.java,4,12,9
CompactionAwareWriter.java,9,151,26
LifecycleTransaction.java,9,101,90
PurgingPartitionIterator.java,1,2,20
ChecksummedDataInput.java,7,236,25
HintsBuffer.java,2,7,31
HintsReader.java,11,156,47
HintsWriteExecutor.java,5,37,28
HintsWriter.java,7,100,30
LegacyHintsMigrator.java,3,23,26
SSTableRewriter.java,11,126,60
SSTableTxnWriter.java,6,59,15
SimpleSSTableMultiWriter.java,5,28,14
SegmentedFile.java,6,390,41
IncomingStreamingConnection.java,7,52,12
PagingState.java,5,322,81
StreamReader.java,15,206,45
CompressedStreamReader.java,10,119,14
PrepareMessage.java,5,33,8
ReceivedMessage.java,1,1,3
RetryMessage.java,2,5,3
BytesReadTracker.java,2,32,0
Transactional.java,2,13,17
RealTransactionsTest.java,5,13,16
SSTableRewriterTest.java,11,372,86
Stress.java,7,57,22
StressAction.java,11,409,58
StressGraph.java,7,316,32
StressMetrics.java,8,491,46
CliOption.java,4,18,6
SettingsGraph.java,3,140,14
SettingsLog.java,5,62,15
StressSettings.java,7,148,53
MultiPrintStream.java,2,576,0
graph.html,2,684,0
changelog,96,526,0
JavaSourceUDFFactory.java,1,13,79
CompactionController.java,15,272,64
RowCacheTest.java,10,362,24
CompactionsPurgeTest.java,5,147,26
CQLSSTableWriter.java,13,662,49
CQLSSTableWriterTest.java,14,838,33
AbstractColumnFamilyInputFormat.java,4,116,37
CqlRecordWriter.java,6,325,72
CqlNativeStorage.java,2,10,228
README.txt,9,208,0
AuditTrigger.properties,1,4,0
AuditTrigger.java,2,63,3
CLibrary.java,7,238,53
CLibraryTest.java,2,11,2
EndpointState.java,5,256,33
FailureDetector.java,10,61,75
Gossiper.java,35,899,266
VersionedValue.java,6,41,38
StorageService.java,144,3537,838
EndpointStateTest.java,4,484,12
CloudstackSnitchTest.java,6,21,7
EC2SnitchTest.java,6,17,7
GoogleCloudSnitchTest.java,6,21,6
Bounds.java,2,63,30
StreamReceiveTask.java,14,294,28
CounterCacheTest.java,2,53,7
BoundsTest.java,1,61,2
StorageServiceMBean.java,30,229,0
NodeProbe.java,37,513,255
NodeTool.java,20,246,42
SimpleDateType.java,3,11,11
AlterTest.java,23,815,40
HintedHandOffManager.java,3,37,67
HintedHandOffTest.java,2,7,6
CompressionMetadata.java,6,62,65
LogFile.java,14,324,72
LogTransaction.java,14,346,62
SecondaryIndexManager.java,21,424,146
CustomIndexTest.java,15,626,75
NEWS.txt,158,1339,0
CQL.textile,30,355,0
cql3handling.py,24,273,224
Cql.g,12,264,0
AbstractFunction.java,3,17,18
AggregateFcts.java,9,912,83
CastFcts.java,5,395,34
Function.java,2,10,0
FunctionResolver.java,1,4,28
AbstractFunctionSelector.java,3,41,12
Selectable.java,6,463,33
CastFctsTest.java,3,336,7
AggregationTest.java,19,697,42
StorageServiceServerTest.java,5,28,23
RepairOption.java,7,99,41
ActiveRepairService.java,22,408,105
RepairOptionTest.java,5,80,6
SchemaLoader.java,20,438,55
CQLTester.java,35,691,312
FileUtils.java,17,453,123
FileUtilsTest.java,5,75,2
AlterTableStatement.java,22,748,72
RandomAccessReader.java,7,503,45
FileMessageHeader.java,5,77,35
IncomingFileMessage.java,3,26,5
OutgoingFileMessage.java,5,59,15
CompressedInputStreamTest.java,7,264,17
CorruptSSTableException.java,2,6,2
WrappingCompactionStrategy.java,1,15,83
LeveledCompactionStrategyTest.java,13,489,77
NetworkTopologyStrategy.java,7,291,33
TokenMetadata.java,11,877,177
NetworkTopologyStrategyTest.java,2,220,49
cqlsh,16,753,0
copy.py,1,644,123
displaying.py,3,12,17
formatting.py,19,759,67
cassandra.yaml,51,746,0
sstableloader,4,41,0
ColumnIndex.java,25,771,48
AbstractCompactionStrategy.java,19,165,84
CompactionStrategyManager.java,26,1937,139
DefaultCompactionWriter.java,4,37,6
MajorLeveledCompactionWriter.java,6,88,7
MaxSSTableSizeWriter.java,7,79,8
SplittingSizeTieredCompactionWriter.java,5,29,9
AbstractSSTableSimpleWriter.java,5,96,24
SSTableFlushObserver.java,4,77,0
SSTableWriter.java,9,154,27
BigFormat.java,8,66,37
BigTableWriter.java,21,285,55
RowIndexEntryTest.java,7,799,82
ScrubTest.java,11,198,55
SSTableFlushObserverTest.java,5,262,16
DateTieredCompactionStrategy.java,12,125,66
DateTieredCompactionStrategyOptions.java,4,46,23
DateTieredCompactionStrategyTest.java,4,47,22
jvm.options,8,181,0
ColumnFamilyRecordReader.java,1,35,98
CqlConfigHelper.java,5,100,112
idea-iml-file.xml,12,121,0
Project_Default.xml,1,39,0
misc.xml,1,4,0
vcs.xml,1,6,0
workspace.xml,7,378,0
UFTest.java,17,3732,46
CommitLog.java,21,440,63
CompressedInputStream.java,8,233,20
SecondaryIndexBuilder.java,3,63,6
CassandraIndex.java,13,225,124
CollatedViewIndexBuilder.java,1,78,5
CustomCassandraIndex.java,5,26,92
KeyspaceParams.java,3,25,14
ReplicationParams.java,1,15,15
LegacySchemaMigratorTest.java,12,256,55
PrimaryKeyRestrictionSet.java,10,604,77
RestrictionSet.java,10,315,56
MultiCBuilder.java,3,453,66
BTreeSet.java,2,5,119
MigrationManager.java,18,425,107
MigrationTask.java,4,155,0
SettingsMode.java,4,57,28
JavaDriverClient.java,6,92,35
CleanupTest.java,5,223,19
Json.java,8,114,45
QueryOptions.java,8,165,79
QueryProcessor.java,24,477,108
AlterKeyspaceStatement.java,4,15,12
AlterTypeStatement.java,8,155,63
AlterViewStatement.java,3,20,10
CreateAggregateStatement.java,7,66,46
CreateFunctionStatement.java,4,31,30
CreateIndexStatement.java,13,82,50
CreateKeyspaceStatement.java,5,25,13
CreateTableStatement.java,10,81,76
CreateTriggerStatement.java,3,14,8
CreateTypeStatement.java,6,51,21
CreateViewStatement.java,23,188,59
DropAggregateStatement.java,3,24,28
DropFunctionStatement.java,4,29,32
DropIndexStatement.java,4,49,13
DropKeyspaceStatement.java,3,16,7
DropTableStatement.java,2,14,15
DropTriggerStatement.java,3,14,6
DropTypeStatement.java,4,64,23
DropViewStatement.java,3,16,7
SchemaAlteringStatement.java,4,66,20
CQL3Type.java,9,397,163
MD5Digest.java,4,38,9
TableMetrics.java,18,291,86
DataLimits.java,11,982,237
SelectOrderByTest.java,4,170,72
DeletionTime.java,2,3,23
TypeTest.java,2,42,4
DropTest.java,2,50,2
IndexNotAvailableException.java,2,51,1
SecondaryIndex.java,1,28,33
CommitLogReplayer.java,22,1201,109
ChecksummedRandomAccessReader.java,4,241,2
init,3,6,0
GossipingPropertyFileSnitch.java,1,107,22
PropertyFileSnitch.java,4,102,34
SnitchProperties.java,2,9,6
YamlFileNetworkTopologySnitch.java,2,115,49
GossipingPropertyFileSnitchTest.java,2,44,3
PropertyFileSnitchTest.java,3,330,20
YamlFileNetworkTopologySnitchTest.java,1,293,25
cqlsh.py,55,1351,458
cqlshrc.sample,12,303,0
rules,5,17,0
helptopics.py,2,1082,52
Schema.java,16,258,88
MigrationListener.java,1,4,18
Server.java,14,195,94
CacheService.java,6,40,68
LegacySSTableTest.java,21,1047,80
StressProfile.java,16,575,118
DeleteStatement.java,5,77,20
DeleteTest.java,16,715,90
cassandra-driver-internal-only-3.0.0-6af642d.zip,2,0,0
cassandra-driver-internal-only-3.0.0a3.post0-c535450.zip,1,0,0
test_cqlsh_completion.py,12,217,37
test_cqlsh_output.py,9,277,77
cassandra-driver-internal-only-3.0.0a3.post0-3f15725.zip,1,0,0
BufferedDataOutputStreamPlus.java,2,42,61
DataOutputBufferFixed.java,6,19,5
SafeMemoryWriter.java,5,40,15
DataOutputTest.java,5,422,44
CompressedSequentialWriter.java,7,82,34
SequentialWriter.java,6,106,72
Range.java,8,179,101
RangeTest.java,7,324,49
RangeTombstone.java,7,183,37
SSTableIdentityIterator.java,4,174,25
Keyspace1-Standard3-jb-1-Summary.db,2,0,0
Keyspace1-StandardInteger1-ka-2-CRC.db,1,0,0
Keyspace1-StandardInteger1-ka-2-Data.db,1,0,0
Keyspace1-StandardInteger1-ka-2-Digest.sha1,1,1,0
Keyspace1-StandardInteger1-ka-2-Filter.db,1,0,0
Keyspace1-StandardInteger1-ka-2-Index.db,1,0,0
Keyspace1-StandardInteger1-ka-2-Statistics.db,1,0,0
Keyspace1-StandardInteger1-ka-2-Summary.db,2,0,0
Keyspace1-StandardInteger1-ka-2-TOC.txt,1,8,0
StreamingTransferTest.java,5,78,24
AnticompactionTask.java,4,114,24
nodetool,6,89,0
sstablescrub,3,23,0
sstableupgrade,3,57,0
sstableutil,1,7,0
sstableverify,1,9,0
cassandra-stress,3,83,0
cassandra-stressd,3,109,0
sstableexpiredblockers,3,29,0
sstablelevelreset,3,81,0
sstablemetadata,3,53,0
sstableofflinerelevel,3,29,0
sstablerepairedset,3,107,0
sstablesplit,3,67,0
Keyspace.java,25,524,112
SettingsCommandUser.java,6,54,18
Lists.java,11,168,98
Maps.java,6,164,87
Sets.java,6,64,70
CollectionsTest.java,8,400,42
FrozenCollectionsTest.java,9,638,48
SearchIterator.java,4,9,0
PartitionImplementationTest.java,6,568,85
SystemKeyspaceTest.java,8,172,48
RecoveryManagerTest.java,5,241,15
AbstractCell.java,10,170,51
AbstractRow.java,8,100,41
TemporalRow.java,6,770,0
ViewManager.java,10,194,30
ViewSchemaTest.java,5,871,29
ViewTest.java,32,1519,111
ThreadPoolMetrics.java,2,62,14
TpStats.java,4,88,3
StatusLogger.java,3,35,7
CASClientRequestMetrics.java,3,7,2
CassandraMetricsRegistry.java,5,47,95
ColumnFamilyMetrics.java,2,59,72
EstimatedHistogramReservoir.java,4,136,0
KeyspaceMetrics.java,3,26,7
EstimatedHistogram.java,9,189,69
EstimatedHistogramTest.java,4,142,14
AbstractReadExecutor.java,6,50,48
StartupChecks.java,19,395,52
ViewUtils.java,2,27,11
ViewUtilsTest.java,2,43,4
cassandra,23,527,0
OutboundTcpConnection.java,19,279,86
ConfigHelper.java,2,52,83
CqlInputFormat.java,6,82,39
copyutil.py,49,8427,588
basecase.py,2,28,11
cassconnect.py,7,54,25
cassandra.install,6,6,0
SSTableMetadataViewer.java,9,154,14
CompactionInfo.java,5,82,30
OperationType.java,4,10,5
IndexSummaryManager.java,8,352,30
IndexSummaryRedistribution.java,6,404,41
IndexSummaryManagerTest.java,6,295,62
ReconnectableSnitchHelper.java,3,8,21
RemoveTest.java,5,60,9
CompactionMetrics.java,4,63,15
CompactionStats.java,10,181,8
Generator.java,1,4,5
UnfilteredDeserializer.java,16,818,127
TableHistograms.java,4,63,11
CFPropDefs.java,4,50,37
DropRecreateAndRestoreTest.java,1,105,6
Columns.java,8,84,96
BTree.java,8,364,255
BTreeRemoval.java,4,363,67
BTreeRemovalTest.java,1,385,75
BulkLoader.java,12,678,95
BulkLoaderTest.java,2,238,5
CompactionHistory.java,5,362,7
util.py,2,54,27
BootStrapper.java,4,25,28
RangeStreamer.java,7,84,49
SSTableLoader.java,4,36,36
LocalSyncTask.java,4,35,13
StreamingRepairTask.java,2,6,6
StreamCoordinator.java,4,78,44
StreamPlan.java,2,17,15
StreamResultFuture.java,5,57,28
BootStrapperTest.java,10,165,26
LocalDates.java,2,47,2
SmallInts.java,2,39,2
Times.java,2,38,2
TinyInts.java,2,53,2
SchemaStatement.java,7,50,13
NativeSSTableLoaderClient.java,11,135,24
NOTICE.txt,4,12,0
jgrapht-core-0.9.1.jar,1,0,0
jgrapht-core-0.9.1.txt,1,227,0
Types.java,4,106,48
PasswordAuthenticator.java,9,206,35
FieldSelector.java,4,22,9
BatchStatement.java,22,378,104
CounterMutation.java,4,13,48
IMutation.java,1,2,0
LegacyLayout.java,42,1266,497
Mutation.java,11,203,65
UnfilteredPartitionIterators.java,9,118,28
Stack.java,1,6,13
SSTableSimpleIterator.java,4,120,40
SSTableReader.java,53,767,324
FileSegmentInputStream.java,2,12,13
RebufferingInputStream.java,3,18,48
AsciiSerializer.java,1,2,4
UTF8Serializer.java,4,15,31
Ring.java,3,37,19
Status.java,4,87,30
HistogramBuilder.java,1,7,24
IntervalTree.java,2,25,64
MergeIterator.java,2,50,61
MerkleTree.java,4,159,166
TreeCursor.java,1,3,40
Operation.java,17,1039,72
CqlOperation.java,3,22,87
PredefinedOperation.java,4,11,44
ValidatingSchemaQuery.java,5,26,54
TimingInterval.java,4,352,44
run_cqlsh.py,2,110,45
winpty.py,1,50,8
CommitLogArchiver.java,5,73,45
CommitLogSegmentManager.java,11,69,71
SSTableWriterTest.java,4,262,21
SSTableWriterTestBase.java,8,232,19
native_protocol_v4.spec,8,359,0
DateType.java,3,10,17
TimestampType.java,3,12,21
TimestampSerializer.java,6,62,24
StreamSession.java,16,251,102
CompactionManagerMBean.java,2,12,0
BatchTests.java,2,60,22
AbstractSSTableIterator.java,13,274,88
SSTableIterator.java,11,192,48
SSTableReversedIterator.java,19,507,89
QueryWithIndexedSSTableTest.java,2,88,6
Validator.java,5,23,29
ParameterizedClass.java,3,15,10
CompressedChecksummedDataInput.java,7,355,23
CompressedHintsWriter.java,2,75,5
HintsCatalog.java,6,63,20
HintsDescriptor.java,5,204,38
HintsService.java,7,122,32
HintsStore.java,5,48,29
HintsCatalogTest.java,5,181,9
HintsCompressionTest.java,3,293,14
LegacyHintsMigratorTest.java,3,12,12
DroppedMessageMetrics.java,2,16,2
MessagingServiceTest.java,9,410,29
Functions.java,2,4,33
ThriftResultsMerger.java,2,16,45
CachedPartition.java,1,6,0
LazilyInitializedUnfilteredRowIterator.java,3,11,15
RangeTombstoneMarker.java,5,22,26
Unfiltered.java,4,17,3
Indexes.java,1,4,26
CustomTThreadPoolServer.java,5,19,25
CassandraVersion.java,6,38,52
OutboundTcpConnectionPool.java,9,69,30
CassandraVersionTest.java,4,146,23
CassandraRoleManager.java,9,145,82
IRoleManager.java,1,2,0
RoleOptions.java,1,2,19
Roles.java,2,27,5
ViewDefinition.java,4,13,18
SingleColumnRelation.java,13,184,58
CompactTables.java,4,64,22
LogReplicaSet.java,4,102,37
UnfilteredRowIteratorSerializer.java,2,5,30
UnfilteredSerializer.java,17,437,102
ExcludingBounds.java,1,2,20
IncludingExcludingBounds.java,1,2,19
CassandraIndexFunctions.java,1,2,13
ClusteringColumnIndex.java,2,7,9
CleanupTransaction.java,1,2,1
IndexTransaction.java,1,2,0
UpdateTransaction.java,1,2,1
MetadataSerializer.java,6,22,14
FastByteOperations.java,4,12,55
AllowAllAuthorizer.java,3,16,10
IAuthorizer.java,1,9,1
PermissionsCache.java,4,158,15
cassandra-env.ps1,21,255,0
cassandra-env.sh,21,261,0
ColumnIdentifier.java,10,218,61
PropertyDefinitions.java,1,5,26
AbstractCompositeType.java,3,18,52
TupleType.java,10,161,78
IndexMetadata.java,2,31,48
CFMetaDataTest.java,5,127,24
DatabaseDescriptorTest.java,6,232,34
ColumnIdentifierTest.java,3,56,7
PropertyDefinitionsTest.java,1,61,4
AbstractCompositeTypeTest.java,1,35,2
CassandraMetricsRegistryTest.java,1,34,2
IndexMetadataTest.java,1,36,3
HintVerbHandler.java,6,38,6
LegacySchemaMigrator.java,21,376,144
CompactionIterator.java,10,290,36
PurgeFunction.java,5,65,20
BufferCell.java,11,287,21
TTLExpiryTest.java,9,161,12
PendingRangeMaps.java,2,418,24
PendingRangesBench.java,2,178,9
PendingRangeMapsTest.java,2,156,3
BlacklistedDirectories.java,4,50,13
BlacklistedDirectoriesMBean.java,1,9,0
Directories.java,22,246,189
CompactionTask.java,19,275,42
LeveledManifest.java,16,587,111
SizeTieredCompactionStrategy.java,9,47,50
Tracker.java,13,243,80
IPartitioner.java,3,30,2
Murmur3Partitioner.java,3,61,44
RandomPartitioner.java,8,144,28
Splitter.java,3,134,17
RangeAwareSSTableWriter.java,3,222,33
DiskAwareRunnable.java,4,68,0
StreamWriter.java,5,25,12
CompressedStreamWriter.java,5,39,11
SSTableOfflineRelevel.java,3,45,23
RelocateSSTables.java,1,49,3
LongLeveledCompactionStrategyTest.java,8,284,23
CompactionsCQLTest.java,9,246,39
TrackerTest.java,9,113,19
LengthPartitioner.java,3,19,23
SplitterTest.java,2,160,26
002cassandra_logdir_fix.dpatch,4,67,0
Row.java,13,245,70
ServerConnection.java,3,13,26
cassandra-stress.bat,4,8,0
ClientWarningsTest.java,6,76,9
GetTimeout.java,1,52,2
SetTimeout.java,1,55,2
SerializationHeader.java,13,196,91
PendingRangeCalculatorService.java,6,86,11
MoveTest.java,9,1465,53
BTreeRow.java,13,235,165
Compact.java,2,53,12
WriteCallbackInfo.java,4,12,11
WriteCallbackInfoTest.java,3,19,7
AbstractCType.java,2,6,76
ConnectionHandler.java,12,178,49
AbstractLocalAwareExecutorService.java,6,86,34
DebuggableThreadPoolExecutor.java,2,51,48
ExecutorLocal.java,3,47,0
ExecutorLocals.java,1,84,8
LocalAwareExecutorService.java,1,14,0
SEPExecutor.java,4,49,44
SharedExecutorPool.java,7,76,16
StageManager.java,7,53,15
SliceQueryFilter.java,3,30,110
ClientWarn.java,3,71,14
Tracing.java,6,125,38
Message.java,16,433,121
RequestThreadPoolExecutor.java,3,102,0
HintsDispatchExecutor.java,9,108,34
TableStats.java,11,787,45
CommitLogUpgradeTest.java,4,52,25
CommitLogUpgradeTestMaker.java,4,17,22
SigarLibrary.java,2,11,27
CommitLogDescriptor.java,3,75,38
CommitLogSegment.java,18,457,87
CompressedSegment.java,11,171,7
EncryptedFileSegmentInputStream.java,2,94,12
EncryptedSegment.java,6,207,11
FileDirectSegment.java,5,226,4
MemoryMappedSegment.java,8,42,10
SegmentReader.java,1,355,38
EncryptionUtils.java,5,323,29
CommitLog-6-1452918948163.log,2,0,0
hash.txt,2,13,0
CommitLogStressTest.java,11,428,54
CommitLogDescriptorTest.java,2,414,6
CommitLogTest.java,15,1045,61
SegmentReaderTest.java,6,221,13
EncryptionUtilsTest.java,2,124,5
StatementRestrictions.java,25,511,158
RowFilter.java,17,445,205
CollectionKeyIndexBase.java,1,21,6
CollectionValueIndex.java,1,20,16
RegularColumnIndex.java,1,22,10
SimpleQueryTest.java,4,105,28
SecondaryIndexOnStaticColumnTest.java,1,217,6
ComplexColumnData.java,9,69,65
RowIterators.java,3,47,9
SerializationHelper.java,1,39,30
UnfilteredRowIterators.java,9,173,71
WithOnlyQueriedData.java,4,59,4
DataResolver.java,26,1270,119
CassandraServer.java,16,332,384
RangeSliceQueryPager.java,6,58,28
GossiperTest.java,7,306,3
RepairMessageVerbHandler.java,6,72,20
Snapshot.java,2,27,9
ColumnFamilyStoreTest.java,8,286,95
SASI.md,3,839,0
concurrent-trees-2.4.0.jar,2,0,0
hppc-0.5.4.jar,2,0,0
jflex-1.6.0.jar,3,0,0
concurrent-trees-2.4.0.txt,2,402,0
hppc-0.5.4.txt,2,404,0
jflex-1.6.0.txt,2,402,0
primitive-1.0.txt,2,402,0
snowball-stemmer-1.3.0.581.1.txt,3,420,0
primitive-1.0.jar,2,0,0
snowball-stemmer-1.3.0.581.1.jar,2,0,0
SASIIndex.java,12,410,45
SASIIndexBuilder.java,7,164,15
SSTableIndex.java,4,280,31
Term.java,6,169,8
TermIterator.java,7,258,21
AbstractAnalyzer.java,3,67,5
NoOpAnalyzer.java,2,60,5
NonTokenizingAnalyzer.java,2,132,17
NonTokenizingOptions.java,1,147,22
SUPPLEMENTARY.jflex-macro,1,143,0
StandardAnalyzer.java,5,229,32
StandardTokenizerImpl.jflex,2,222,0
StandardTokenizerInterface.java,1,65,0
StandardTokenizerOptions.java,2,275,38
BasicResultFilters.java,1,76,7
FilterPipelineBuilder.java,1,51,4
FilterPipelineExecutor.java,1,53,6
FilterPipelineTask.java,1,52,4
StemmerFactory.java,2,104,4
StemmingFilters.java,2,48,5
StopWordFactory.java,2,102,8
StopWordFilters.java,1,42,4
DataTracker.java,5,231,23
IndexMode.java,8,288,29
PrefixTermTree.java,2,205,30
RangeTermTree.java,4,125,10
TermTree.java,1,58,6
Descriptor.java,10,171,56
OnDiskBlock.java,2,143,18
OnDiskIndex.java,7,845,150
OnDiskIndexBuilder.java,11,791,110
PerSSTableIndexWriter.java,10,458,50
Token.java,5,67,3
TokenTree.java,5,1119,73
TokenTreeBuilder.java,5,1794,5
TimeQuotaExceededException.java,1,21,0
IndexMemtable.java,4,92,8
KeyRangeIterator.java,4,227,18
MemIndex.java,4,61,3
SkipListMemIndex.java,3,121,12
TrieMemIndex.java,7,395,38
Expression.java,8,463,101
QueryController.java,7,395,42
QueryPlan.java,5,525,26
ByteTerm.java,1,51,5
CharTerm.java,1,54,5
IntegralSA.java,3,90,8
SA.java,1,58,3
SuffixSA.java,4,195,19
AbstractIterator.java,1,155,12
CombinedTerm.java,4,155,9
CombinedTermIterator.java,3,93,10
CombinedValue.java,1,25,0
MappedBuffer.java,2,255,39
OnDiskIndexIterator.java,1,64,8
RangeIntersectionIterator.java,3,291,41
RangeIterator.java,2,358,69
RangeUnionIterator.java,3,168,21
TypeUtil.java,2,86,12
AbstractPatriciaTrie.java,2,1510,171
AbstractTrie.java,2,299,41
Cursor.java,2,115,0
KeyAnalyzer.java,2,91,0
PatriciaTrie.java,2,1657,216
Trie.java,2,246,0
Tries.java,2,111,9
Component.java,1,13,35
KeyIterator.java,1,7,17
MemoryUtil.java,5,52,59
ar_ST.txt,1,163,0
bg_ST.txt,1,260,0
cs_ST.txt,1,257,0
de_ST.txt,1,604,0
en_ST.txt,1,572,0
es_ST.txt,1,308,0
fi_ST.txt,1,748,0
fr_ST.txt,1,464,0
hi_ST.txt,1,164,0
hu_ST.txt,1,738,0
it_ST.txt,1,400,0
pl_ST.txt,1,139,0
pt_ST.txt,1,357,0
ro_ST.txt,1,283,0
ru_ST.txt,1,423,0
sv_ST.txt,1,387,0
cassandra-murmur.yaml,2,45,0
adventures_of_huckleberry_finn_mark_twain.txt,1,12361,0
apache_license_header.txt,1,16,0
ja_jp_1.txt,1,1,0
ja_jp_2.txt,1,2,0
lorem_ipsum.txt,1,1,0
ru_ru_1.txt,1,19,0
top_visited_domains.txt,1,3,0
zn_tw_1.txt,1,19,0
KeyCacheCqlTest.java,4,210,58
SASIIndexTest.java,27,3821,132
NonTokenizingAnalyzerTest.java,1,78,5
StandardAnalyzerTest.java,2,229,21
OnDiskIndexTest.java,9,1382,88
PerSSTableIndexWriterTest.java,5,477,20
TokenTreeTest.java,8,1296,84
OperationTest.java,9,790,29
LongIterator.java,4,130,19
MappedBufferTest.java,1,540,58
RangeIntersectionIteratorTest.java,2,465,42
RangeUnionIteratorTest.java,4,412,26
AtomicBTreeColumns.java,1,14,89
LazilyCompactedRow.java,8,78,44
CompactionControllerTest.java,3,218,6
ClusteringIndexFilter.java,2,18,1
ClusteringIndexSliceFilter.java,2,11,29
SliceableUnfilteredRowIterator.java,1,39,0
BigTableReader.java,8,113,42
BigTableScanner.java,7,94,60
ClientModeSSTableTest.java,3,18,10
NoSpamLogger.java,2,31,38
Ref.java,7,308,49
NoSpamLoggerTest.java,1,8,10
RefCountedTest.java,2,308,38
Memory.java,3,68,69
AbstractBufferClusteringPrefix.java,1,72,8
AbstractClusteringPrefix.java,1,44,15
BufferClustering.java,2,48,1
CBuilder.java,2,36,25
ClusteringComparator.java,3,21,41
ClusteringPrefix.java,9,89,98
NativeClustering.java,1,125,13
NativeDecoratedKey.java,2,7,2
RowUpdateBuilder.java,5,604,86
Serializers.java,5,226,14
Slice.java,5,315,109
Cell.java,6,180,55
NativeCell.java,2,157,19
RowIterator.java,1,5,2
BaseRows.java,5,16,30
Transformation.java,3,42,24
IndexEntry.java,2,2,1
MetadataCollector.java,17,251,62
MemoryInputStream.java,1,2,7
AbstractAllocator.java,1,1,6
EnsureOnHeap.java,1,150,21
HeapAllocator.java,1,5,3
HeapPool.java,4,91,5
MemtableAllocator.java,6,184,39
MemtablePool.java,7,69,44
NativeAllocator.java,4,96,26
NativePool.java,2,8,3
SlabAllocator.java,4,57,23
SlabPool.java,2,7,3
NativeCellTest.java,2,174,15
RangeTombstoneListTest.java,2,18,58
RangeTombstoneTest.java,5,138,44
ReadMessageTest.java,3,19,14
DigestBackwardCompatibilityTest.java,3,11,9
UnfilteredRowIteratorsMergeTest.java,5,82,99
CQLSSTableWriterClientTest.java,7,60,3
PagingStateTest.java,5,131,9
DigestResolver.java,2,15,14
CacheProviderTest.java,2,7,14
PartitionTest.java,1,18,10
ReadResponseTest.java,1,10,9
MutationVerbHandler.java,2,26,10
PaxosState.java,8,53,11
TimeType.java,3,10,9
cassandra-driver-core-3.0.0-beta1-bb1bce4-SNAPSHOT-shaded.jar,1,0,0
cassandra-driver-core-3.0.0-shaded.jar,1,0,0
UDHelper.java,7,89,27
IndexQueryPagingTest.java,2,29,11
JavaBasedUDFunction.java,9,115,91
ScriptBasedUDFunction.java,7,147,45
MultiColumnRelation.java,4,94,35
Operator.java,4,64,43
Relation.java,6,62,27
TokenRelation.java,2,22,19
AbstractRestriction.java,4,133,0
ForwardingPrimaryKeyRestrictions.java,4,210,24
Restriction.java,4,82,0
SingleColumnRestriction.java,8,441,115
ByteBufferUtilTest.java,1,53,20
BatchlogManager.java,9,81,74
UnfilteredRowIteratorWithLowerBound.java,4,287,36
IMergeIterator.java,1,1,0
IteratorWithLowerBound.java,1,24,0
StaticColumnsTest.java,3,34,20
SSTablesIteratedTest.java,7,1588,82
InsertTest.java,8,211,17
UpdateTest.java,10,299,24
TargetParser.java,1,90,8
ThriftConversion.java,5,50,157
CompressedChecksummedDataInputBuilder.java,2,72,0
EncryptedChecksummedDataInput.java,4,233,16
EncryptedHintsWriter.java,1,65,4
AlteredHints.java,2,146,10
HintsEncryptionTest.java,2,83,8
ListSnapshots.java,5,46,5
TableBuilder.java,2,206,14
TableBuilderTest.java,2,228,6
TokenAllocation.java,8,59,28
StandaloneScrubber.java,9,211,48
LogTransactionTest.java,7,161,88
MultiColumnRestriction.java,4,142,83
TokenRestriction.java,6,139,44
CompositesBuilder.java,1,20,34
PrimaryKeyRestrictionSetTest.java,2,1167,48
SelectMultiColumnRelationTest.java,9,2691,36
HintsDispatcher.java,9,153,25
Selection.java,18,299,96
AsciiType.java,3,8,10
MapType.java,7,54,50
UTF8Type.java,2,5,10
UserType.java,15,339,39
JsonTest.java,18,560,35
cqlhandling.py,4,33,66
test_keyspace_init.cql,2,53,0
MmappedSegmentedFile.java,3,185,0
SizeEstimatesRecorder.java,5,74,16
LeveledCompactionTask.java,2,6,4
SSTableSplitter.java,3,15,11
MemtableDiscardedNotification.java,1,30,1
MemtableSwitchedNotification.java,1,30,1
AbstractReplicationStrategy.java,6,28,41
AbstractType.java,16,208,63
ListType.java,6,48,43
ReversedType.java,3,17,21
SetType.java,4,27,34
UserTypesTest.java,11,779,33
CommitLogSegmentManagerTest.java,11,647,5
cassandra.ps1,2,4,0
AuthCache.java,2,209,23
AuthCacheMBean.java,1,36,0
PermissionsCacheMBean.java,1,15,0
RolesCache.java,3,154,15
RolesCacheMBean.java,1,17,0
JavaUDF.java,4,60,17
UDFByteCodeVerifier.java,5,27,39
UDFunction.java,5,156,78
JavaSourceUDF.txt,5,28,0
CallClone.java,4,19,4
CallComDatastax.java,4,19,3
CallFinalize.java,4,19,4
CallOrgApache.java,4,19,3
ClassWithField.java,4,19,3
ClassWithInitializer.java,4,19,3
ClassWithInitializer2.java,4,19,3
ClassWithInitializer3.java,4,19,3
ClassWithStaticInitializer.java,4,19,3
GoodClass.java,4,19,3
UseOfSynchronized.java,4,19,3
UseOfSynchronizedWithNotify.java,4,19,3
UseOfSynchronizedWithNotifyAll.java,4,19,3
UseOfSynchronizedWithWait.java,4,19,4
UseOfSynchronizedWithWaitL.java,4,19,4
UseOfSynchronizedWithWaitLI.java,4,19,4
LegacySchemaTables.java,2,19,225
TombstonesWithIndexedSSTableTest.java,3,133,11
StorageHook.java,1,86,2
StreamHook.java,1,57,2
StreamTransferTask.java,2,7,21
HintsBufferPool.java,1,34,19
HintsBufferPoolTest.java,2,77,5
HintsBufferTest.java,2,5,17
ErrorMessage.java,4,88,75
ProtocolErrorTest.java,6,76,10
FailureDetectorTest.java,4,91,2
BulkLoadException.java,1,13,1
LoaderOptions.java,3,556,74
AbstractRangeTombstoneMarker.java,2,16,11
JsonTransformer.java,14,726,70
SSTableExport.java,13,327,45
SSTableScannerTest.java,2,14,43
sstabledump,2,72,0
sstabledump.bat,1,48,0
MessageOut.java,6,45,19
QueryState.java,2,18,12
ExpiredTraceState.java,1,24,3
TraceState.java,3,104,32
TraceStateImpl.java,4,80,13
TracingImpl.java,2,92,9
ExecuteMessage.java,5,34,19
TracingTest.java,4,239,15
Constants.java,9,117,0
AbstractTextSerializer.java,1,30,8
BytesSerializer.java,1,14,7
CQL3TypeLiteralTest.java,5,127,119
SSLFactory.java,4,158,19
SimpleClient.java,7,63,35
keystore.jks,1,0,0
SSLFactoryTest.java,2,79,2
YamlConfigurationLoader.java,10,222,22
UFAuthTest.java,4,137,73
UFIdentificationTest.java,1,6,24
SelectSingleColumnRelationTest.java,7,175,30
SelectTest.java,24,6336,106
PerRowSecondaryIndexTest.java,1,4,44
Attributes.java,7,138,29
UpdateParameters.java,7,85,35
LivenessInfo.java,5,100,47
ThriftValidation.java,8,46,152
CellTest.java,8,372,34
CounterCellTest.java,6,44,11
RowTest.java,4,34,10
RowAndDeletionMergeIteratorTest.java,4,97,33
RowsTest.java,4,80,49
TriggerExecutorTest.java,4,55,29
setup.py,2,14,2
CompressedRandomAccessReader.java,5,358,24
CompressedThrottledReader.java,1,15,3
CompressedRandomAccessReaderTest.java,10,636,30
cqlstress-example.yaml,4,29,0
StressYaml.java,3,24,2
WorkManager.java,3,21,9
TokenRangeIterator.java,2,140,9
OpDistributionFactory.java,4,18,0
PartitionOperation.java,5,275,17
SampledOpDistributionFactory.java,4,72,10
TokenRangeQuery.java,6,555,35
SettingsCommandPreDefined.java,6,39,13
SettingsCommandPreDefinedMixed.java,5,20,15
SettingsTokenRange.java,5,173,8
LogRecord.java,8,190,64
LogReplica.java,5,137,19
StartupException.java,1,4,2
tracing.py,4,25,12
CQL3CasRequest.java,7,222,53
LeveledCompactionStrategy.java,19,278,95
SSTableRepairStatusChanged.java,1,4,1
CollationController.java,2,16,45
AbstractCommitLogService.java,11,576,40
EncryptionOptions.java,3,57,12
RepairRunnable.java,13,93,45
SystemDistributedKeyspace.java,9,190,17
RepairRunner.java,2,7,13
HintMessage.java,1,4,7
DataPosition.java,1,3,0
FileDataInput.java,1,8,0
RewindableDataInput.java,1,30,0
RewindableDataInputStreamPlus.java,4,593,118
TrackedDataInputPlus.java,1,9,18
TrackedInputStream.java,1,76,7
Repair.java,6,21,14
CloseableIterator.java,1,1,0
legacy_tables-legacy_jb_clust_compact-jb-1-CompressionInfo.db,1,0,0
legacy_tables-legacy_jb_clust_compact-jb-1-Data.db,1,0,0
legacy_tables-legacy_jb_clust_compact-jb-1-Filter.db,1,0,0
legacy_tables-legacy_jb_clust_compact-jb-1-Index.db,1,0,0
legacy_tables-legacy_jb_clust_compact-jb-1-Statistics.db,1,0,0
legacy_tables-legacy_jb_clust_compact-jb-1-Summary.db,1,0,0
legacy_tables-legacy_jb_clust_compact-jb-1-TOC.txt,1,7,0
legacy_tables-legacy_jb_clust_counter_compact-jb-1-CompressionInfo.db,1,0,0
legacy_tables-legacy_jb_clust_counter_compact-jb-1-Data.db,1,0,0
legacy_tables-legacy_jb_clust_counter_compact-jb-1-Filter.db,1,0,0
legacy_tables-legacy_jb_clust_counter_compact-jb-1-Index.db,1,0,0
legacy_tables-legacy_jb_clust_counter_compact-jb-1-Statistics.db,1,0,0
legacy_tables-legacy_jb_clust_counter_compact-jb-1-Summary.db,1,0,0
legacy_tables-legacy_jb_clust_counter_compact-jb-1-TOC.txt,1,7,0
legacy_tables-legacy_jb_simple_compact-jb-1-CompressionInfo.db,1,0,0
legacy_tables-legacy_jb_simple_compact-jb-1-Data.db,1,0,0
legacy_tables-legacy_jb_simple_compact-jb-1-Filter.db,1,0,0
legacy_tables-legacy_jb_simple_compact-jb-1-Index.db,1,0,0
legacy_tables-legacy_jb_simple_compact-jb-1-Statistics.db,1,0,0
legacy_tables-legacy_jb_simple_compact-jb-1-Summary.db,1,0,0
legacy_tables-legacy_jb_simple_compact-jb-1-TOC.txt,1,7,0
legacy_tables-legacy_jb_simple_counter_compact-jb-1-CompressionInfo.db,1,0,0
legacy_tables-legacy_jb_simple_counter_compact-jb-1-Data.db,1,0,0
legacy_tables-legacy_jb_simple_counter_compact-jb-1-Filter.db,1,0,0
legacy_tables-legacy_jb_simple_counter_compact-jb-1-Index.db,1,0,0
legacy_tables-legacy_jb_simple_counter_compact-jb-1-Statistics.db,1,0,0
legacy_tables-legacy_jb_simple_counter_compact-jb-1-Summary.db,1,0,0
legacy_tables-legacy_jb_simple_counter_compact-jb-1-TOC.txt,1,7,0
legacy_tables-legacy_ka_clust_compact-ka-1-CompressionInfo.db,1,0,0
legacy_tables-legacy_ka_clust_compact-ka-1-Data.db,1,0,0
legacy_tables-legacy_ka_clust_compact-ka-1-Digest.sha1,1,1,0
legacy_tables-legacy_ka_clust_compact-ka-1-Filter.db,1,0,0
legacy_tables-legacy_ka_clust_compact-ka-1-Index.db,1,0,0
legacy_tables-legacy_ka_clust_compact-ka-1-Statistics.db,1,0,0
legacy_tables-legacy_ka_clust_compact-ka-1-Summary.db,1,0,0
legacy_tables-legacy_ka_clust_compact-ka-1-TOC.txt,1,8,0
legacy_tables-legacy_ka_clust_counter_compact-ka-1-CompressionInfo.db,1,0,0
legacy_tables-legacy_ka_clust_counter_compact-ka-1-Data.db,1,0,0
legacy_tables-legacy_ka_clust_counter_compact-ka-1-Digest.sha1,1,1,0
legacy_tables-legacy_ka_clust_counter_compact-ka-1-Filter.db,1,0,0
legacy_tables-legacy_ka_clust_counter_compact-ka-1-Index.db,1,0,0
legacy_tables-legacy_ka_clust_counter_compact-ka-1-Statistics.db,1,0,0
legacy_tables-legacy_ka_clust_counter_compact-ka-1-Summary.db,1,0,0
legacy_tables-legacy_ka_clust_counter_compact-ka-1-TOC.txt,1,8,0
legacy_tables-legacy_ka_simple_compact-ka-1-CompressionInfo.db,1,0,0
legacy_tables-legacy_ka_simple_compact-ka-1-Data.db,1,0,0
legacy_tables-legacy_ka_simple_compact-ka-1-Digest.sha1,1,1,0
legacy_tables-legacy_ka_simple_compact-ka-1-Filter.db,1,0,0
legacy_tables-legacy_ka_simple_compact-ka-1-Index.db,1,0,0
legacy_tables-legacy_ka_simple_compact-ka-1-Statistics.db,1,0,0
legacy_tables-legacy_ka_simple_compact-ka-1-Summary.db,1,0,0
legacy_tables-legacy_ka_simple_compact-ka-1-TOC.txt,1,8,0
legacy_tables-legacy_ka_simple_counter_compact-ka-1-CompressionInfo.db,1,0,0
legacy_tables-legacy_ka_simple_counter_compact-ka-1-Data.db,1,0,0
legacy_tables-legacy_ka_simple_counter_compact-ka-1-Digest.sha1,1,1,0
legacy_tables-legacy_ka_simple_counter_compact-ka-1-Filter.db,1,0,0
legacy_tables-legacy_ka_simple_counter_compact-ka-1-Index.db,1,0,0
legacy_tables-legacy_ka_simple_counter_compact-ka-1-Statistics.db,1,0,0
legacy_tables-legacy_ka_simple_counter_compact-ka-1-Summary.db,1,0,0
legacy_tables-legacy_ka_simple_counter_compact-ka-1-TOC.txt,1,8,0
la-1-big-CompressionInfo.db,4,0,0
la-1-big-Data.db,4,0,0
la-1-big-Digest.adler32,4,4,0
la-1-big-Filter.db,4,0,0
la-1-big-Index.db,4,0,0
la-1-big-Statistics.db,4,0,0
la-1-big-Summary.db,4,0,0
la-1-big-TOC.txt,4,32,0
ma-1-big-Filter.db,4,0,0
ma-1-big-Index.db,4,0,0
ma-1-big-Summary.db,4,0,0
AbstractSerializationsTester.java,1,1,7
DirectoriesTest.java,9,174,52
SerializationsTest.java,6,23,30
CompressedSequentialWriterTest.java,8,202,22
BufferedRandomAccessFileTest.java,6,524,39
RandomAccessReaderTest.java,6,199,54
RewindableDataInputStreamPlusTest.java,1,539,19
BytesReadTrackerTest.java,1,104,19
TriggerExecutor.java,3,18,37
TriggersTest.java,3,84,29
IndexSummary.java,1,23,39
ColumnFamilyStoreMBean.java,5,33,0
GetSSTables.java,2,14,2
cassandra-cli,1,20,0
sstablekeys,2,30,0
json2sstable,2,28,0
sstable2json,2,29,0
RMIServerSocketFactoryImpl.java,4,56,6
RMIServerSocketFactoryImplTest.java,2,26,1
AbstractTokenTreeBuilder.java,6,1239,108
DynamicTokenTreeBuilder.java,3,307,30
StaticTokenTreeBuilder.java,5,395,29
PrepareCallback.java,6,55,8
AlterTableStatementColumn.java,4,88,6
Lexer.g,7,353,0
Parser.g,15,650,0
ohc-core-0.4.2.jar,1,0,0
ohc-core-0.4.3.jar,3,0,0
ohc-core-j8-0.4.2.jar,1,0,0
ohc-core-j8-0.4.3.jar,3,0,0
netty-all-4.0.34.Final.txt,1,0,0
netty-all-4.0.23.Final.jar,2,0,0
netty-all-4.0.34.Final.jar,1,0,0
SerializingCache.java,1,3,38
Verifier.java,9,70,46
NetStats.java,3,50,21
BufferPool.java,7,63,127
SettingsTransport.java,4,28,24
ViewBuildStatus.java,1,84,6
OutOfSpaceTest.java,3,192,9
DescriptorTest.java,4,63,15
IndexedTerm.java,1,43,3
RepairJob.java,7,91,19
Frame.java,8,139,42
ProxyHistograms.java,2,37,2
Restrictions.java,6,92,0
LZ4Compressor.java,2,108,28
CompressionParams.java,3,19,92
CompressorPerformance.java,1,3,13
CQLCompressionTest.java,1,56,3
ColumnDefinition.java,11,346,79
AbstractMarker.java,5,48,20
ColumnCondition.java,9,670,194
Tuples.java,6,73,71
UserTypes.java,5,241,36
FunctionCall.java,6,50,37
UDAggregate.java,4,77,39
Selector.java,5,48,7
UpdateStatement.java,7,150,34
CollectionType.java,2,33,40
TypeParser.java,3,43,114
CellPath.java,2,14,21
DataType.java,5,159,66
ColumnConditionTest.java,3,45,25
SelectionColumnMappingTest.java,4,26,34
InsertUpdateIfConditionTest.java,15,1804,77
SerDeserTest.java,4,161,38
LogAwareFileLister.java,2,53,18
LegacyJMXProgressSupport.java,4,117,13
LegacyJMXProgressSupportTest.java,1,118,5
UDFContext.java,1,105,0
UDFContextImpl.java,1,146,21
SelectLimitTest.java,6,411,34
netty-all-4.0.36.Final.jar,3,0,0
CBUtil.java,5,126,92
AbstractPrimaryKeyRestrictions.java,1,61,0
ClusteringColumnRestrictions.java,5,278,40
PartitionKeyRestrictions.java,2,46,0
PartitionKeySingleRestrictionSet.java,4,168,25
RestrictionSetWrapper.java,4,111,14
SingleRestriction.java,1,117,10
TokenFilter.java,5,143,47
Bound.java,1,13,7
ClusteringColumnRestrictionsTest.java,3,260,51
SettingsNode.java,4,37,28
StatsHolder.java,4,205,0
StatsKeyspace.java,1,78,8
StatsPrinter.java,2,66,2
StatsTable.java,2,66,0
TableStatsPrinter.java,8,216,13
SSTableCompactingNotification.java,1,41,2
Rebuild.java,2,29,3
RowIndexEntry.java,5,1102,98
ISerializer.java,1,5,1
IndexHelper.java,1,192,0
IndexInfo.java,2,184,14
SSTableFormat.java,3,13,6
AutoSavingCacheTest.java,1,15,7
PagingQueryTest.java,1,111,10
KeyCacheTest.java,1,151,29
IndexHelperTest.java,1,78,0
LargePartitionsTest.java,3,242,29
Cleanup.java,4,17,4
SimpleStrategyTest.java,1,4,19
LeaveAndBootstrapTest.java,3,16,30
NativeTransportService.java,7,73,18
debug-cql,3,12,0
control,15,44,0
Interval.java,3,6,14
GossipDigestAckVerbHandler.java,2,31,14
GossipDigestSynVerbHandler.java,1,28,19
DynamicEndpointSnitch.java,13,184,58
Info.java,4,68,10
JVMStabilityInspector.java,7,71,32
LegacySchemaTablesTest.java,1,60,9
DefsTest.java,2,16,28
TriggersSchemaTest.java,1,4,5
AbstractReadCommandBuilder.java,4,28,66
ClusteringBound.java,1,151,36
ClusteringBoundOrBoundary.java,1,163,33
ClusteringBoundary.java,1,45,6
MutableDeletionInfo.java,3,10,60
RangeTombstoneBoundMarker.java,4,39,29
RangeTombstoneBoundaryMarker.java,5,41,37
RowAndDeletionMergeIterator.java,3,47,41
SliceTest.java,3,48,12
caffeine-2.2.6.jar,2,0,0
caffeine-2.2.6.txt,2,404,0
CacheSize.java,1,14,0
ChunkCache.java,6,314,27
ICache.java,1,10,0
AbstractReaderFileProxy.java,2,63,7
BufferManagingRebufferer.java,2,139,15
BufferedSegmentedFile.java,2,73,0
ChannelProxy.java,2,5,22
ChunkReader.java,2,61,0
CompressedSegmentedFile.java,1,283,47
ICompressedFile.java,1,2,0
LimitingRebufferer.java,1,106,13
MmapRebufferer.java,2,51,6
MmappedRegions.java,3,40,50
ReaderFileProxy.java,1,36,0
Rebufferer.java,2,88,1
RebuffererFactory.java,1,32,0
SimpleChunkReader.java,2,88,6
CacheMetrics.java,1,4,1
CacheMissMetrics.java,1,114,2
ChecksumType.java,2,41,7
CachingBench.java,1,375,42
CrcCheckChanceTest.java,1,6,11
VerifyTest.java,5,93,35
BlacklistingCompactionsTest.java,5,104,12
ChecksummedDataInputTest.java,3,20,5
MmappedRegionsTest.java,3,49,23
PartitionRangeQueryPager.java,5,55,21
RangeNamesQueryPager.java,1,92,0
SinglePartitionPager.java,3,38,16
TimingIntervals.java,4,109,27
UFVerifierTest.java,1,75,27
ClassWithInnerClass.java,3,57,3
ClassWithInnerClass2.java,3,59,3
ClassWithStaticInnerClass.java,3,57,3
UsingMapEntry.java,3,60,4
CountersTest.java,6,139,12
cassandra-jaas.config,1,4,0
CassandraAuthorizer.java,6,111,54
CassandraLoginModule.java,2,259,21
CassandraPrincipal.java,1,134,10
JMXResource.java,1,183,28
Permission.java,2,8,0
Resources.java,1,2,11
AuthenticationProxy.java,3,161,15
AuthorizationProxy.java,2,515,56
JMXServerUtils.java,7,658,24
cassandra-test-jaas.conf,1,4,0
StubAuthorizer.java,1,120,20
AuthorizationProxyTest.java,3,583,48
JMXAuthTest.java,1,279,22
AbstractConditions.java,1,5,7
ColumnConditions.java,2,15,18
Conditions.java,1,8,0
Operations.java,1,9,16
Terms.java,1,22,3
TermSlice.java,3,27,24
SelectorFactories.java,2,40,17
guide_8099.md,1,372,0
ohc-0.4.3.txt,2,201,0
CompactionLogger.java,3,378,44
netty-all-4.0.36.Final.txt,2,0,0
RowDiffListener.java,2,4,0
HeapUtils.java,6,312,14
ColumnSpecification.java,1,9,16
KeyspaceMetadata.java,2,21,32
TriggerMetadata.java,1,9,8
StreamManager.java,1,4,17
NamedThreadFactory.java,5,93,7
SEPWorker.java,4,56,60
DataOutputStreamPlus.java,2,5,10
BloomFilter.java,1,7,19
FilterFactory.java,2,8,8
StreamingHistogram.java,5,483,34
TreeBuilder.java,2,56,16
WrappedSharedCloseable.java,1,4,8
VIntCoding.java,3,71,23
LongStreamingTest.java,5,193,6
BTreeTest.java,3,78,66
StreamingHistogramTest.java,3,118,12
ParsedStatement.java,3,18,7
TraceCqlTest.java,2,130,1
FSErrorHandler.java,2,60,0
DefaultFSErrorHandler.java,4,214,15
SingletonUnfilteredPartitionIterator.java,1,3,9
ColumnData.java,1,2,2
TableViews.java,6,607,76
ViewUpdateGenerator.java,8,744,94
cassandra-driver-core-3.0.1-shaded.jar,3,0,0
cassandra-driver-3.0.1.txt,3,354,0
ReplayPosition.java,3,342,14
Version.java,5,12,14
CompactionMetadata.java,1,4,15
IMetadataComponentSerializer.java,1,4,0
IMetadataSerializer.java,2,8,0
LegacyMetadataSerializer.java,6,68,23
StatsMetadata.java,7,214,49
ValidationMetadata.java,1,4,11
CommitLogTestReplayer.java,4,65,5
MetadataSerializerTest.java,8,220,18
IntervalTreeTest.java,1,2,5
GCInspector.java,4,9,49
SettingsPopulation.java,3,27,25
ActiveRepairServiceTest.java,3,167,7
NIODataInputStream.java,1,6,49
Rows.java,6,142,94
SSTableCorruptionDetectionTest.java,3,258,18
DifferencerTest.java,1,3,6
NeverPurgeTest.java,3,133,15
ResultSet.java,5,85,112
VariableSpecifications.java,1,12,15
.gitignore,8,35,0
HdrHistogram-2.1.9.jar,2,0,0
hdrhistogram-2.1.9.txt,3,1951,0
FixedOpDistribution.java,2,20,2
OpDistribution.java,2,12,0
SampledOpDistribution.java,2,26,3
SettingsRate.java,3,58,18
SettingsSamples.java,1,94,0
SampleOfLongs.java,1,111,0
Timer.java,3,330,0
Timing.java,3,172,0
StandaloneSSTableUtil.java,2,5,27
RecoveryManager2Test.java,1,36,7
RecoveryManager3Test.java,1,33,7
RecoveryManagerTruncateTest.java,1,35,10
cassandra-driver-internal-only-2.7.2-5d33cb4.zip,1,0,0
native_protocol_v3.spec,3,21,0
CounterMutationTest.java,1,8,7
TruncateStatement.java,4,7,10
SafeMemory.java,1,2,16
AsyncRepairCallback.java,3,8,4
TimeWindowCompactionStrategy.java,13,520,52
TimeWindowCompactionStrategyOptions.java,3,174,27
TimeWindowCompactionStrategyTest.java,8,458,20
metrics-reporter-config-sample.yaml,1,2,0
Makefile,6,274,0
README.md,8,213,0
make.bat,1,281,0
extra.css,6,59,0
architecture.rst,4,225,0
conf.py,5,459,1
contactus.rst,2,53,0
cql.rst,3,11714,0
faq.rst,1,20,0
getting_started.rst,3,536,0
index.rst,19,588,0
operations.rst,8,3847,0
troubleshooting.rst,1,20,0
FieldIdentifier.java,2,99,10
TypeCast.java,1,5,10
AggregateFunctionSelector.java,2,9,6
ScalarFunctionSelector.java,2,11,8
SimpleSelector.java,2,8,8
TermSelector.java,3,100,6
WritetimeOrTTLSelector.java,2,8,14
IndexTarget.java,2,23,24
UnrecognizedEntityException.java,1,49,0
TermSelectionTest.java,2,340,9
SelectOrderedPartitionerTest.java,5,138,30
AntiEntropyServiceTestAbstract.java,1,14,21
SelectionColumnMapping.java,2,22,15
SelectionColumns.java,1,20,0
RepairParallelism.java,1,20,0
Refs.java,2,21,36
ArrayBackedBoundedStatsTest.java,1,20,4
TopKSamplerTest.java,2,25,16
cqlsh.rst,2,508,0
TableAttributes.java,3,41,38
WriteType.java,1,3,0
AbstractCommitLogSegmentManager.java,9,672,71
CommitLogPosition.java,1,121,15
CommitLogReadHandler.java,1,76,1
CommitLogReader.java,9,522,66
CommitLogSegmentManagerCDC.java,6,372,36
CommitLogSegmentManagerStandard.java,2,102,7
CommitLogSegmentReader.java,2,31,38
SimpleCachedBufferPool.java,4,220,10
CommitLogMetrics.java,1,9,2
TableParams.java,2,27,57
DirectorySizeCalculator.java,2,137,6
cdc.yaml,1,1,0
foo.cql,1,2,0
DirectorySizerBench.java,2,106,6
OffsetAwareConfigurationLoader.java,2,76,0
BatchlogManagerTest.java,2,32,37
CDCStatementTest.java,3,66,4
CreateTest.java,11,391,30
CommitLogReaderTest.java,1,267,32
CommitLogSegmentManagerCDCTest.java,3,235,17
KillerForTests.java,1,16,7
MessagingMetrics.java,1,59,3
TimeTypeTest.java,2,33,2
CqlBulkOutputFormat.java,1,4,26
HintsServiceMetrics.java,2,11,0
logback-classic-1.1.3.txt,4,140,0
logback-core-1.1.3.txt,4,140,0
FBUtilitiesTest.java,4,185,10
netty-all-4.0.37.Final.txt,1,0,0
netty-all-4.0.37.Final.jar,1,0,0
BloomCalculations.java,2,30,14
CreateTableValidationTest.java,1,51,3
convert_yaml_to_rst.py,4,150,22
indexcontent.html,6,150,0
dynamo.rst,2,79,0
guarantees.rst,1,20,0
overview.rst,1,20,0
storage_engine.rst,2,131,0
bugs.rst,3,43,0
cassandra_config_file.rst,2,3258,0
appendices.rst,3,314,0
changes.rst,7,510,0
ddl.rst,6,981,0
definitions.rst,5,264,0
dml.rst,8,1614,0
functions.rst,3,1576,0
indexes.rst,4,186,0
json.rst,4,323,0
mvs.rst,4,288,0
security.rst,5,1832,0
triggers.rst,4,117,0
types.rst,6,574,0
configuring.rst,1,67,0
drivers.rst,2,107,0
installing.rst,4,120,0
querying.rst,2,60,0
backups.rst,1,22,0
bloom_filters.rst,1,65,0
cdc.rst,1,89,0
compaction.rst,5,449,0
compression.rst,2,96,0
hardware.rst,1,87,0
hints.rst,1,22,0
metrics.rst,2,683,0
read_repair.rst,1,22,0
repair.rst,1,22,0
snitch.rst,1,78,0
topo_changes.rst,2,124,0
nodetool.rst,1,22,0
WindowsTimer.java,2,8,9
CompressorTest.java,2,3,24
EndpointSnitchInfo.java,2,25,6
EndpointSnitchInfoMBean.java,2,10,0
french_skip_stop_words_before_stemming.txt,1,1,0
IndexSummaryBuilder.java,4,78,35
ChecksumWriter.java,1,103,8
ChecksummedSequentialWriter.java,1,24,6
SequentialWriterOption.java,1,154,15
ChecksummedRandomAccessReaderTest.java,3,87,4
ChecksummedSequentialWriterTest.java,2,12,10
SequentialWriterTest.java,3,99,15
ICompressor.java,1,2,0
SSTableExportTest.java,2,58,2
bulk_loading.rst,1,24,0
cql.py,2,268,7
PartitionIterators.java,4,67,19
StorageProxyMBean.java,4,20,0
snappy-java-1.0.5.2.txt,1,0,0
thrift-server-0.3.7.txt,3,404,0
OptionReplicationTest.java,1,34,1
SettingsNodeTest.java,1,42,2
Architecture.java,3,55,1
OnDiskAtom.java,2,16,9
SSTable.java,4,16,48
ChecksummedRebufferer.java,2,77,6
CompressedChunkReader.java,2,222,23
CorruptFileException.java,1,15,1
DiskOptimizationStrategy.java,2,78,5
FileHandle.java,3,446,52
SpinningDiskOptimizationStrategy.java,1,31,1
SsdDiskOptimizationStrategy.java,1,49,3
MockSchema.java,4,99,24
SSTableUtils.java,1,3,28
DiskOptimizationStrategyTest.java,2,139,9
SegmentedFileTest.java,1,88,0
ReplicationAwareTokenAllocator.java,2,252,72
PstmtPersistenceTest.java,5,255,15
ThriftServer.java,4,21,14
ProposeCallback.java,3,8,11
Clock.java,2,160,4
ExpiringMap.java,4,17,27
Matcher.java,2,64,0
MatcherResponse.java,3,420,17
MockMessagingService.java,2,288,17
MockMessagingServiceTest.java,4,204,3
MockMessagingSpy.java,3,488,27
FreeRunningClock.java,2,92,3
ForwardingVersionedSerializer.java,1,57,4
AuthMetrics.java,1,40,4
ClientMetrics.java,3,94,14
AuthResponse.java,3,13,6
CredentialsMessage.java,3,14,7
TableStatsHolder.java,3,377,50
TpStatsHolder.java,2,65,4
TpStatsPrinter.java,3,83,15
AuthenticationException.java,2,18,2
CfSplit.java,1,13,124
Column.java,1,11,173
ColumnDef.java,1,12,215
ColumnOrSuperColumn.java,1,13,180
ColumnPath.java,1,12,147
CounterColumn.java,1,1,98
RoleResource.java,2,5,26
ToJsonFct.java,2,5,6
CounterMutationVerbHandler.java,2,4,1
PartitionPosition.java,1,1,11
PartitionIterator.java,1,2,0
UnfilteredRowIterator.java,1,3,3
HintsDispatchTrigger.java,2,4,8
SSTableMultiWriter.java,1,1,1
SSTableSimpleWriter.java,3,17,12
BufferPoolMetrics.java,1,1,1
ValidationTask.java,1,4,4
WeightedQueue.java,1,3,7
AbstractWriteResponseHandler.java,5,56,19
Commit.java,2,7,21
ThriftSessionManager.java,2,5,7
SSTableExpiredBlockers.java,1,1,17
ITrigger.java,2,9,0
ObjectSizes.java,2,10,17
RefCounted.java,1,17,0
MemtableBufferAllocator.java,1,1,4
ViewLongTest.java,4,237,46
DynamicEndpointSnitchLongTest.java,2,7,7
UpdateBuilder.java,2,57,11
DebuggableScheduledThreadPoolExecutorTest.java,1,1,4
LargeCompactValueTest.java,1,2,2
NonNativeTimestampTest.java,1,6,1
SerializationMirrorTest.java,1,1,6
ThriftCompatibilityTest.java,1,2,3
OverflowTest.java,2,3,18
RowIterationTest.java,1,3,4
SnapshotDeletingTest.java,3,5,7
TimeUUIDTypeTest.java,1,3,30
SimpleDateSerializerTest.java,1,1,14
PaxosStateTest.java,1,1,6
MessagePayloadTest.java,4,34,29
BloomFilterTest.java,1,3,25
MergeIteratorComparisonTest.java,1,1,88
OverlapIteratorTest.java,1,12,11
SettingsSchema.java,3,19,38
netty-all-4.0.39.Final.txt,1,0,0
netty-all-4.0.39.Final.jar,1,0,0
lb-1-big-CompressionInfo.db,1,0,0
lb-1-big-Data.db,1,0,0
lb-1-big-Digest.adler32,1,1,0
lb-1-big-Filter.db,1,0,0
lb-1-big-Index.db,1,0,0
lb-1-big-Statistics.db,1,0,0
lb-1-big-Summary.db,1,0,0
lb-1-big-TOC.txt,1,8,0
mb-3-big-CompressionInfo.db,1,0,0
mb-3-big-Data.db,1,0,0
mb-3-big-Digest.crc32,1,1,0
mb-3-big-Filter.db,1,0,0
mb-3-big-Index.db,1,0,0
mb-3-big-Statistics.db,1,0,0
mb-3-big-Summary.db,1,0,0
mb-3-big-TOC.txt,1,8,0
__init__.py,1,6,0
BaseRowIterator.java,1,2,0
Filter.java,3,48,8
BatchCommitLogService.java,2,4,2
PeriodicCommitLogService.java,3,30,6
ProtocolException.java,4,61,8
DynamicEndpointSnitchMBean.java,2,28,0
BackgroundActivityMonitor.java,3,195,22
cassandra-driver-internal-only-2.7.2-2fc8a2b.zip,1,0,0
SSTableSimpleUnsortedWriter.java,4,29,26
Wrapped.java,1,48,4
WrappedBoolean.java,1,42,3
WrappedException.java,1,30,1
WrappedInt.java,1,52,5
FastThreadExecutor.java,2,161,1
MutationBench.java,4,156,5
logback-tools.xml,1,2,0
logback.xml,2,5,0
ViewFilteringTest.java,5,1249,49
ReplicationAwareTokenAllocatorTest.java,2,99,112
native_protocol_v5.spec,5,1355,0
Event.java,4,75,76
BatchMessage.java,4,20,34
ProtocolBetaVersionTest.java,3,128,12
ColumnFamilyStoreCQLHelper.java,5,894,72
ColumnFamilyStoreCQLHelperTest.java,7,1406,21
Cells.java,1,80,43
CompactionParams.java,2,48,50
GarbageCollect.java,2,72,3
GcCompactionBench.java,2,378,42
GcCompactionTest.java,4,523,58
CompactionIteratorTest.java,4,531,5
UnfilteredRowsGenerator.java,1,340,66
ByteOrderedPartitioner.java,3,17,42
LocalPartitioner.java,3,21,22
OrderPreservingPartitioner.java,2,20,32
CqlBulkRecordWriter.java,3,9,40
GuidGenerator.java,5,53,10
compaction-stress,1,57,0
CompactionStress.java,3,387,33
PartitionGenerator.java,1,13,18
SchemaInsert.java,3,99,23
SchemaQuery.java,2,6,22
defindex.html,2,30,0
layout.html,3,106,0
search.html,2,58,0
theme.conf,1,3,0
Command.java,1,3,14
SettingsMisc.java,2,116,34
SettingsMiscTest.java,1,55,4
ohc-0.4.4.txt,2,201,0
ohc-core-0.4.4.jar,2,0,0
ohc-core-j8-0.4.4.jar,2,0,0
StreamTransferTaskTest.java,2,87,13
LegacyBatchlogMigrator.java,3,23,25
SimpleBuilders.java,1,461,78
TraceKeyspace.java,5,79,8
BatchTest.java,4,176,13
RowUpdateBuilderTest.java,1,79,0
RecoveryManagerMissingHeaderTest.java,1,4,7
PartitionUpdateTest.java,3,188,9
SchemaKeyspaceTest.java,4,146,14
TopPartitions.java,2,22,9
AggregationSpecification.java,1,182,16
GroupMaker.java,1,142,11
GroupingState.java,2,144,13
AggregationQueryPager.java,3,471,52
SelectGroupByTest.java,2,2162,22
GroupMakerTest.java,2,185,15
OutOfSpaceBase.java,2,80,10
OutOfSpaceDieTest.java,1,68,2
OutOfSpaceIgnoreTest.java,1,60,2
OutOfSpaceStopTest.java,1,63,2
IntervalSet.java,3,202,30
IntegerInterval.java,2,231,36
mc-1-big-CompressionInfo.db,9,0,0
mc-1-big-Data.db,9,0,0
mc-1-big-Digest.crc32,9,9,0
mc-1-big-Filter.db,9,0,0
mc-1-big-Index.db,9,0,0
mc-1-big-Statistics.db,9,0,0
mc-1-big-Summary.db,9,0,0
mc-1-big-TOC.txt,9,72,0
IntegerIntervalsTest.java,1,326,23
metrics-jvm-3.1.0.txt,2,404,0
metrics-jvm-3.1.0.jar,2,0,0
ByteType.java,2,22,11
ShortType.java,3,25,12
cassandra.thrift,1,2,0
WrappingUnfilteredRowIterator.java,1,2,11
OpOrder.java,2,60,51
InputPosition.java,2,35,0
HintsServiceTest.java,3,518,18
DistributionFactory.java,1,1,0
RatioDistributionFactory.java,1,1,0
GeneratorConfig.java,1,14,11
GroupedOptions.java,2,23,35
Option.java,2,4,2
OptionAnyProbabilities.java,2,28,17
OptionDistribution.java,4,91,86
OptionMulti.java,2,38,49
OptionRatioDistribution.java,2,11,25
OptionSimple.java,1,14,43
SettingsColumn.java,2,23,29
SettingsCommand.java,2,26,29
SettingsErrors.java,3,18,8
SettingsInsert.java,2,36,15
SettingsPort.java,3,15,8
Conflicts.java,1,9,19
Throwables.java,4,68,37
ISSTableScanner.java,1,2,0
ClearableHistogram.java,1,4,2
DecayingEstimatedHistogramReservoir.java,6,594,56
DecayingEstimatedHistogramReservoirTest.java,2,412,36
RepairSession.java,5,56,34
LocalSyncTaskTest.java,2,12,5
RepairSessionTest.java,2,10,3
StreamStateStore.java,1,5,11
StreamEvent.java,1,9,5
CommitLogCQLTest.java,2,82,1
Ec2MultiRegionSnitch.java,1,6,3
ReversedTypeTest.java,1,4,1
CQLStatement.java,1,3,0
CustomPayloadMirroringQueryHandler.java,1,15,6
QueryHandler.java,1,9,0
AuthenticationStatement.java,2,4,6
AuthorizationStatement.java,2,4,8
UseStatement.java,2,6,7
BatchlogResponseHandler.java,3,14,15
DatacenterSyncWriteResponseHandler.java,1,5,9
DatacenterWriteResponseHandler.java,1,5,6
WriteResponseHandler.java,1,13,7
QueryPagers.java,3,11,3
AbstractPaxosCallback.java,1,7,6
OptionsMessage.java,2,10,5
QueryMessage.java,3,17,18
RegisterMessage.java,2,10,9
StartupMessage.java,4,18,16
AuthConfig.java,2,117,14
AuthKeyspace.java,2,16,3
SchemaConstants.java,1,74,2
FunctionName.java,1,8,13
ListPermissionsStatement.java,1,3,17
ListRolesStatement.java,1,3,16
ListUsersStatement.java,1,3,3
PermissionsManagementStatement.java,2,9,8
DeflateCompressor.java,2,31,29
EmbeddedCassandraService.java,2,7,1
TServerCustomFactory.java,2,12,6
SSTableRepairedAtSetter.java,1,4,10
StandaloneSplitter.java,1,2,34
StandaloneUpgrader.java,2,10,26
StandaloneVerifier.java,2,19,21
Client.java,3,13,35
DebuggableThreadPoolExecutorTest.java,1,8,4
ColumnDefinitionTest.java,1,7,3
DatabaseDescriptorRefTest.java,4,254,15
TombstonesTest.java,1,1,18
ColumnsTest.java,5,107,69
LegacyCellNameTest.java,3,43,5
RecoveryManagerFlushedTest.java,2,10,7
TransformerTest.java,1,5,43
CounterContextTest.java,3,50,9
HelpersTest.java,3,116,18
TypeParserTest.java,1,7,9
KeyCollisionTest.java,1,1,10
PartitionerTestCase.java,3,59,27
StreamStateStoreTest.java,2,17,2
IndexSummaryTest.java,3,143,46
DynamicEndpointSnitchTest.java,5,23,4
OldNetworkTopologyStrategyTest.java,1,8,25
TokenMetadataTest.java,3,54,12
HintedHandOffMetricsTest.java,1,7,3
NativeTransportServiceTest.java,2,9,17
StartupChecksTest.java,2,12,14
StorageProxyTest.java,1,1,17
GetVersionTest.java,1,40,1
SSTableExpiredBlockersTest.java,1,50,2
SSTableLevelResetterTest.java,1,49,2
SSTableMetadataViewerTest.java,1,52,2
SSTableOfflineRelevelTest.java,1,50,2
SSTableRepairedAtSetterTest.java,1,52,2
StandaloneSSTableUtilTest.java,1,49,2
StandaloneScrubberTest.java,1,49,2
StandaloneSplitterTest.java,1,52,2
StandaloneUpgraderTest.java,1,49,2
StandaloneVerifierTest.java,1,49,2
ToolsTester.java,1,296,36
JVMStabilityInspectorTest.java,4,61,5
MerkleTreesTest.java,1,3,39
AbstractTransactionalTest.java,1,7,12
BufferPoolTest.java,1,8,88
error_codes.txt,1,31,0
ReadFailureException.java,1,7,1
RequestFailureException.java,1,19,1
RequestFailureReason.java,1,51,4
WriteFailureException.java,1,7,1
ResponseVerbHandler.java,2,7,4
SnapshotTask.java,1,3,6
ErrorMessageTest.java,2,127,5
AbstractCompactionTask.java,1,7,7
FSDiskFullWriteError.java,1,33,2
code_style.rst,1,94,0
how_to_commit.rst,2,191,0
how_to_review.rst,1,71,0
ide.rst,2,161,0
eclipse_debug0.png,2,0,0
eclipse_debug1.png,2,0,0
eclipse_debug2.png,2,0,0
eclipse_debug3.png,2,0,0
eclipse_debug4.png,2,0,0
eclipse_debug5.png,2,0,0
eclipse_debug6.png,2,0,0
patches.rst,1,125,0
testing.rst,1,86,0
cqlstress-counter-example.yaml,2,4,0
cqlstress-insanity-example.yaml,2,3,0
DistributionSequence.java,2,74,7
DistributionSequenceTest.java,2,130,9
FileSegmentInputStreamTest.java,1,40,10
KeyGenerator.java,1,101,30
CompactionHistoryHolder.java,1,126,8
CompactionHistoryPrinter.java,1,81,10
CQLSSTableWriterLongTest.java,2,8,6
IMeasurableMemory.java,1,8,0
CompactionHistoryTabularData.java,1,3,3
DynamicCompositeType.java,2,6,59
EchoMessage.java,1,12,4
HadoopCompat.java,1,117,27
ReporterWrapper.java,1,30,9
CqlRecordReader.java,3,7,111
FastByteArrayInputStream.java,1,45,22
CloudstackSnitch.java,1,42,26
RestorableMeter.java,1,64,19
ViewWriteMetrics.java,1,3,2
EchoVerbHandler.java,2,22,2
ProgressInfoCompositeData.java,1,3,5
SessionCompleteEventCompositeData.java,1,3,3
SessionInfoCompositeData.java,1,3,9
StreamEventJMXNotifier.java,1,7,8
StreamStateCompositeData.java,1,3,7
StreamSummaryCompositeData.java,1,3,4
CustomTNonBlockingServer.java,1,6,7
TCustomSocket.java,1,96,23
AbstractJmxClient.java,1,10,19
CustomClassLoader.java,1,14,12
CoalescingStrategies.java,6,101,73
MerkleTrees.java,1,34,58
BitUtil.java,3,116,52
OpenBitSet.java,1,112,70
LoadBroadcaster.java,2,4,14
KeepAliveMessage.java,1,49,3
StreamMessage.java,1,15,13
StressSettingsTest.java,1,39,1
tmp-lb-3-big-Data.db,1,0,0
tmp-lb-3-big-Index.db,1,0,0
README.asc,3,36,0
KeyFetcher.java,2,196,0
KeyOffsets.java,2,230,0
RowKey.java,4,220,0
on-disk-sa-int2.db,2,0,0
KeyOffsetsTest.java,2,96,0
KeyConverter.java,2,138,0
CompactionBench.java,1,167,12
ReadWriteTest.java,1,115,5
jctools-core-1.2.1.jar,2,0,0
jctools-core-1.2.1.txt,2,404,0
CqlCounterAdder.java,1,2,8
CqlCounterGetter.java,1,2,4
CqlInserter.java,1,2,8
CqlReader.java,1,2,7
ThriftCounterAdder.java,1,2,5
ThriftCounterGetter.java,1,2,3
ThriftInserter.java,1,2,7
ThriftReader.java,1,2,7
StressCQLSSTableWriter.java,4,682,57
StressServer.java,2,11,12
MultiResultLogger.java,1,78,12
NoopResultLogger.java,1,44,6
ResultLogger.java,1,30,0
MultiResultLoggerTest.java,1,105,6
BackPressureState.java,1,51,0
BackPressureStrategy.java,1,42,0
MessagingServiceMBean.java,1,18,0
RateBasedBackPressure.java,2,311,34
RateBasedBackPressureState.java,1,133,10
SlidingTimeRate.java,1,167,13
SystemTimeSource.java,1,54,4
TestRateLimiter.java,1,58,4
TimeSource.java,1,58,0
IntervalLock.java,1,69,6
mutation_limiter.btm,1,8,0
RateBasedBackPressureTest.java,1,409,20
SlidingTimeRateTest.java,2,151,13
TestTimeSource.java,1,72,7
JoinTokenRingTest.java,1,54,2
GetConcurrentCompactors.java,1,33,1
SetConcurrentCompactors.java,1,38,1
ListSerializer.java,2,20,24
MapSerializer.java,3,28,25
SetSerializer.java,3,23,20
TupleTypeTest.java,3,34,15
reporter-config-base-3.0.3.txt,2,177,0
reporter-config3-3.0.3.txt,2,177,0
reporter-config-base-3.0.0.jar,2,0,0
reporter-config-base-3.0.3.jar,2,0,0
reporter-config3-3.0.0.jar,2,0,0
reporter-config3-3.0.3.jar,2,0,0
CompactionsTest.java,6,355,39
UnfilteredRows.java,2,24,9
ValidatorTest.java,1,159,13
DebuggableScheduledThreadPoolExecutor.java,2,4,13
UUIDs.java,1,3,2
CqlParserTest.java,2,45,6
BooleanSerializer.java,1,2,12
cassandra-driver-internal-only-3.5.0.post0-d8d0456.zip,2,0,0
cassandra-driver-internal-only-3.7.0.post0-70f41b5.zip,1,0,0
ColumnFamilyMetricTest.java,3,298,14
StopDaemon.java,3,9,2
AuthMigrationListener.java,1,6,4
ReservedKeywords.java,4,248,4
ReservedKeywordsTest.java,2,47,3
AbstractReplicationAwareTokenAllocatorTest.java,2,242,86
Murmur3ReplicationAwareTokenAllocatorTest.java,1,48,3
RandomReplicationAwareTokenAllocatorTest.java,1,54,3
Duration.java,1,590,89
DurationType.java,5,108,9
DurationSerializer.java,3,135,21
DurationTest.java,1,114,6
SpeculativeRetryParam.java,3,17,25
DefaultConnectionFactory.java,2,17,6
commons-codec-1.2.jar,2,0,0
commons-codec-1.9.jar,2,0,0
commons-codec-1.9.txt,2,202,0
CollationControllerCQLTest.java,1,46,2
CachingParams.java,1,4,29
NoReplicationTokenAllocator.java,1,266,30
TokenAllocator.java,1,2,0
TokenAllocatorBase.java,1,279,32
TokenAllocatorFactory.java,3,49,2
NoReplicationTokenAllocatorTest.java,2,258,34
TokenAllocatorTestBase.java,1,160,11
Murmur3PartitionerTest.java,2,28,6
RandomPartitionerTest.java,2,31,5
LongTimSort.java,1,868,167
cassandra-driver-internal-only-3.7.0.post0-2481531.zip,2,0,0
AggregateFunction.java,1,8,0
BytesConversionFcts.java,1,9,10
FromJsonFct.java,1,3,8
ScalarFunction.java,1,3,0
TokenFct.java,1,3,6
UuidFcts.java,1,3,2
BooleanType.java,1,3,21
BytesType.java,1,3,13
ColumnToCollectionType.java,1,3,22
CounterColumnType.java,1,3,12
DecimalType.java,2,10,15
DoubleType.java,3,11,20
FloatType.java,3,11,20
FrozenType.java,1,3,8
InetAddressType.java,2,10,12
Int32Type.java,2,6,19
IntegerType.java,2,6,35
LongType.java,2,6,24
PartitionerDefinedOrder.java,1,3,13
CollectionSerializer.java,1,26,15
CBCodec.java,1,6,0
Connection.java,2,19,8
OptionCodec.java,2,147,0
ProtocolVersion.java,1,153,17
AuthChallenge.java,1,7,3
AuthSuccess.java,1,7,4
AuthenticateMessage.java,1,7,3
EventMessage.java,1,7,3
ReadyMessage.java,1,7,3
ResultMessage.java,1,42,36
SupportedMessage.java,1,7,3
TimeFctsTest.java,1,4,14
UFPureScriptTest.java,1,5,15
UFPureScriptTupleCollectionTest.java,1,6,2
DataTypeTest.java,2,75,16
ProtocolVersionTest.java,1,97,7
ThreadAwareSecurityManager.java,5,135,19
cqlshhandling.py,1,310,19
ByteOrderedPartitionerTest.java,1,5,2
OrderPreservingPartitionerTest.java,1,5,4
PendingRangeCalculatorServiceTest.java,2,134,5
AnticompactionRequest.java,1,19,13
CleanupMessage.java,1,17,8
SnapshotMessage.java,1,16,7
SyncComplete.java,1,19,11
SyncRequest.java,3,25,16
ValidationComplete.java,1,18,13
RepairMessageSerializationsTest.java,1,187,16
CommitLog-6-1480001790338.log,1,0,0
CommitLog-6-1480001790339.log,1,0,0
cassandra.conf,4,16,0
cassandra.in.sh,7,157,0
cassandra.spec,13,775,0
default,4,28,0
UFJavaTest.java,2,1974,31
UFScriptTest.java,3,936,17
UFTypesTest.java,2,584,17
RoundRobinScheduler.java,2,5,17
LifecycleTransactionTest.java,1,5,46
Hint.java,1,40,14
AntiCompactionTest.java,7,184,32
ScriptBasedUDF.java,1,5,25
UFSecurityTest.java,1,268,14
ResponseResolver.java,1,12,3
FunctionResource.java,1,4,49
jstackjunit-0.0.1.jar,3,0,0
jstackjunit-0.0.1.txt,3,627,0
FastThreadLocalBench.java,1,92,5
LegacyLayoutTest.java,13,554,24
netty-all-4.0.44.Final.txt,3,404,0
netty-all-4.0.44.Final.jar,3,0,0
CoalescingStrategiesTest.java,1,40,26
ColumnCounter.java,2,40,35
OldFormatDeserializerTest.java,2,164,8
StreamingHistogramBench.java,2,597,63
SizeTieredCompactionStrategyTest.java,2,8,11
build.properties.default,4,13,0
CLibraryDarwin.java,1,131,13
CLibraryLinux.java,1,131,13
CLibraryWindows.java,1,103,11
CLibraryWrapper.java,1,40,0
LongIteratorTest.java,1,56,2
NativeAccessMBean.java,1,8,0
NativeLibrary.java,2,56,62
NativeLibraryDarwin.java,1,22,13
NativeLibraryLinux.java,1,22,13
NativeLibraryWindows.java,1,65,13
NativeLibraryWrapper.java,1,10,0
SyncUtil.java,1,6,27
NativeLibraryTest.java,1,6,2
circle.yml,7,62,0
IndexedSearchIterator.java,2,10,0
blogpost.yaml,1,69,0
CompactionStressTest.java,1,60,2
OutboundTcpConnectionTest.java,1,170,11
UpgradeSSTable.java,2,6,3
AbstractSimplePerColumnSecondaryIndex.java,1,2,27
cassandra-driver-internal-only-3.7.1.post0-19c1603.zip,3,0,0
SASICQLTest.java,3,353,36
MerkleTreeTest.java,2,68,42
legacy_tables-legacy_ka_indexed-ka-1-CompressionInfo.db,1,0,0
legacy_tables-legacy_ka_indexed-ka-1-Data.db,1,0,0
legacy_tables-legacy_ka_indexed-ka-1-Digest.sha1,1,1,0
legacy_tables-legacy_ka_indexed-ka-1-Filter.db,1,0,0
legacy_tables-legacy_ka_indexed-ka-1-Index.db,1,0,0
legacy_tables-legacy_ka_indexed-ka-1-Statistics.db,1,0,0
legacy_tables-legacy_ka_indexed-ka-1-Summary.db,1,0,0
legacy_tables-legacy_ka_indexed-ka-1-TOC.txt,1,8,0
legacy_tables-legacy_ka_indexed_static-ka-1-CompressionInfo.db,1,0,0
legacy_tables-legacy_ka_indexed_static-ka-1-Data.db,1,0,0
legacy_tables-legacy_ka_indexed_static-ka-1-Digest.sha1,1,1,0
legacy_tables-legacy_ka_indexed_static-ka-1-Filter.db,1,0,0
legacy_tables-legacy_ka_indexed_static-ka-1-Index.db,1,0,0
legacy_tables-legacy_ka_indexed_static-ka-1-Statistics.db,1,0,0
legacy_tables-legacy_ka_indexed_static-ka-1-Summary.db,1,0,0
legacy_tables-legacy_ka_indexed_static-ka-1-TOC.txt,1,8,0
cassandra-driver-internal-only-3.10.zip,2,0,0
jna-4.0.0.jar,2,0,0
jna-4.4.0.jar,3,0,0
jna-4.4.0.txt,1,0,0
jna-4.0.0.txt,1,0,0
SSTableReadsListener.java,1,81,4
ColumnFilterTest.java,5,578,27
TupleSerializer.java,1,66,8
UserTypeSerializer.java,1,67,8
EmptyType.java,2,78,23
JsonConversionTest.java,2,322,32
BaseIterator.java,2,43,20
BasePartitions.java,2,6,19
MoreRows.java,1,6,3
StoppingTransformation.java,1,31,8
RowCacheCQLTest.java,1,70,3
UnfilteredRowIteratorsTest.java,1,185,10
ColumnFamily.java,1,2,68
NamesQueryFilter.java,1,2,51
WaitQueue.java,1,20,75
jna-4.2.2.jar,3,0,0
jna-4.2.2.txt,3,404,0
HeartBeatState.java,1,4,11
HintsReaderTest.java,2,289,18
TimestampTest.java,1,29,18
CounterContext.java,3,71,160
CounterId.java,2,5,19
PartitionRangeReadTest.java,3,184,18
LegacyAuthFailTest.java,1,89,7
BatchlogEndpointFilterTest.java,1,33,9
AbstractTypeVersionComparator.java,2,242,0
AbstractTypeVersionComparatorTest.java,1,184,20
BatchlogManagerMBean.java,1,4,0
EmptyPartitionsDiscarder.java,1,35,2
FilteredPartitions.java,2,22,7
FilteredRows.java,2,4,6
PasswordAuthenticatorTest.java,2,145,10
CompactionExecutorTest.java,1,131,11
TimeWindowCompactionController.java,1,49,3
TimeWindowCompactionTask.java,1,42,2
ViewComplexTest.java,4,1424,140
IndexSummaryRedistributionTest.java,1,145,10
PartitionKeyIndex.java,1,4,7
ThriftIntegrationTest.java,3,1837,36
ThriftCQLTester.java,3,191,11
SuperColumnCompatibility.java,1,765,96
WhereClause.java,2,29,11
ListsTest.java,1,166,10
Helpers.java,2,34,42
ReloadLocalSchema.java,1,32,1
jackson-core-asl-1.9.13.jar,2,0,0
jackson-core-asl-1.9.2.jar,2,0,0
jackson-mapper-asl-1.9.13.jar,2,0,0
jackson-core-asl-1.9.13.txt,2,202,0
jackson-mapper-asl-1.9.13.txt,2,202,0
CommitLogSegmentBackpressureTest.java,3,51,3
CommitlogShutdownTest.java,1,98,2
cassandra-driver-internal-only-3.11.0-bb96859b.zip,3,0,0
DropCompactStorageThriftTest.java,2,641,27
TypeSizes.java,1,6,18
DiskBoundaries.java,2,133,27
DiskBoundaryManager.java,4,190,19
DiskBoundaryManagerTest.java,2,135,10
AbstractCompactionStrategyTest.java,1,144,9
CommitLogChainedMarkersTest.java,2,129,7
TTLTest.java,3,532,51
LivenessInfoTest.java,1,112,4
RoleSyntaxTest.java,1,23,9
CompactionStrategyManagerTest.java,1,290,27
Keyspace1-legacy_ka_repeated_rt-ka-1-CompressionInfo.db,1,0,0
Keyspace1-legacy_ka_repeated_rt-ka-1-Data.db,1,0,0
Keyspace1-legacy_ka_repeated_rt-ka-1-Digest.sha1,1,1,0
Keyspace1-legacy_ka_repeated_rt-ka-1-Filter.db,1,0,0
Keyspace1-legacy_ka_repeated_rt-ka-1-Index.db,1,0,0
Keyspace1-legacy_ka_repeated_rt-ka-1-Statistics.db,1,0,0
Keyspace1-legacy_ka_repeated_rt-ka-1-Summary.db,1,0,0
Keyspace1-legacy_ka_repeated_rt-ka-1-TOC.txt,1,8,0
CompactionsBytemanTest.java,2,155,12
SchemaCheckVerbHandler.java,1,9,1
AbstractCommitLogServiceTest.java,2,225,18
JavaUtils.java,1,115,14
JavaUtilsTest.java,1,52,1
BatchCommitLogStressTest.java,1,37,1
PeriodicCommitLogStressTest.java,1,39,1
pylexotron.py,1,1,151
wcwidth.py,4,85,46
DescribeCluster.java,2,27,2
CASSANDRA-14092.txt,1,81,0
AbstractModification.java,1,4,12
AbstractNativeCell.java,1,6,150
BufferDeletedCell.java,1,6,17
BufferExpiringCell.java,1,34,36
cql_test_keyspace-table1-ka-1-CompressionInfo.db,1,0,0
cql_test_keyspace-table1-ka-1-Data.db,1,0,0
cql_test_keyspace-table1-ka-1-Digest.sha1,1,1,0
cql_test_keyspace-table1-ka-1-Filter.db,1,0,0
cql_test_keyspace-table1-ka-1-Index.db,1,0,0
cql_test_keyspace-table1-ka-1-Statistics.db,1,0,0
cql_test_keyspace-table1-ka-1-Summary.db,1,0,0
cql_test_keyspace-table1-ka-1-TOC.txt,1,8,0
cql_test_keyspace-table2-ka-1-CompressionInfo.db,1,0,0
cql_test_keyspace-table2-ka-1-Data.db,1,0,0
cql_test_keyspace-table2-ka-1-Digest.sha1,1,1,0
cql_test_keyspace-table2-ka-1-Filter.db,1,0,0
cql_test_keyspace-table2-ka-1-Index.db,1,0,0
cql_test_keyspace-table2-ka-1-Statistics.db,1,0,0
cql_test_keyspace-table2-ka-1-Summary.db,1,0,0
cql_test_keyspace-table2-ka-1-TOC.txt,1,8,0
cql_test_keyspace-table3-ka-1-CompressionInfo.db,1,0,0
cql_test_keyspace-table3-ka-1-Data.db,1,0,0
cql_test_keyspace-table3-ka-1-Digest.sha1,1,1,0
cql_test_keyspace-table3-ka-1-Filter.db,1,0,0
cql_test_keyspace-table3-ka-1-Index.db,1,0,0
cql_test_keyspace-table3-ka-1-Statistics.db,1,0,0
cql_test_keyspace-table3-ka-1-Summary.db,1,0,0
cql_test_keyspace-table3-ka-1-TOC.txt,1,8,0
cql_test_keyspace-table4-ka-1-CompressionInfo.db,1,0,0
cql_test_keyspace-table4-ka-1-Data.db,1,0,0
cql_test_keyspace-table4-ka-1-Digest.sha1,1,1,0
cql_test_keyspace-table4-ka-1-Filter.db,1,0,0
cql_test_keyspace-table4-ka-1-Index.db,1,0,0
cql_test_keyspace-table4-ka-1-Statistics.db,1,0,0
cql_test_keyspace-table4-ka-1-Summary.db,1,0,0
cql_test_keyspace-table4-ka-1-TOC.txt,1,8,0
Scrub.java,2,5,4
config.yml,25,5068,0
BatchCommitLogTest.java,1,66,3
DelimiterAnalyzer.java,3,126,15
DelimiterTokenizingOptions.java,1,71,7
world_cities_a.csv,1,1,0
DelimiterAnalyzerTest.java,2,307,26
SecurityThreadGroup.java,1,4,4
LogbackLoggingSupport.java,1,146,20
LoggingSupport.java,1,34,2
LoggingSupportFactory.java,1,42,4
NoOpFallbackLoggingSupport.java,1,30,2
ChecksumMismatchException.java,1,28,1
SliceQueryPager.java,1,2,19
CompressedSequentialWriterReopenTest.java,1,153,17
metrics-core-3.1.5.txt,2,202,0
metrics-jvm-3.1.5.txt,2,202,0
metrics-logback-3.1.5.txt,2,202,0
metrics-core-3.1.0.jar,2,0,0
metrics-core-3.1.5.jar,2,0,0
metrics-jvm-3.1.5.jar,2,0,0
metrics-logback-3.1.0.jar,2,0,0
metrics-logback-3.1.5.jar,2,0,0
PingMessage.java,1,60,3
BTreeBuildBench.java,1,96,7
RTBoundCloser.java,2,126,11
RTBoundValidator.java,2,133,15
RTTransformationsTest.java,2,530,34
SafeMemoryWriterTest.java,1,90,7
SortedBiMultiValMap.java,2,31,10
legacy_tables-legacy_ka_14766-ka-1-CompressionInfo.db,1,0,0
legacy_tables-legacy_ka_14766-ka-1-Data.db,1,0,0
legacy_tables-legacy_ka_14766-ka-1-Digest.sha1,1,1,0
legacy_tables-legacy_ka_14766-ka-1-Filter.db,1,0,0
legacy_tables-legacy_ka_14766-ka-1-Index.db,1,0,0
legacy_tables-legacy_ka_14766-ka-1-Statistics.db,1,0,0
legacy_tables-legacy_ka_14766-ka-1-Summary.db,1,0,0
legacy_tables-legacy_ka_14766-ka-1-TOC.txt,1,8,0
PurgeFunctionTest.java,1,294,19
legacy_tables-legacy_ka_14803-ka-1-CompressionInfo.db,1,0,0
legacy_tables-legacy_ka_14803-ka-1-Data.db,1,0,0
legacy_tables-legacy_ka_14803-ka-1-Digest.sha1,1,1,0
legacy_tables-legacy_ka_14803-ka-1-Filter.db,1,0,0
legacy_tables-legacy_ka_14803-ka-1-Index.db,1,0,0
legacy_tables-legacy_ka_14803-ka-1-Statistics.db,1,0,0
legacy_tables-legacy_ka_14803-ka-1-Summary.db,1,0,0
legacy_tables-legacy_ka_14803-ka-1-TOC.txt,1,8,0
legacy_tables-legacy_ka_compacted_multi_block_rt-ka-4-CompressionInfo.db,1,0,0
legacy_tables-legacy_ka_compacted_multi_block_rt-ka-4-Data.db,1,0,0
legacy_tables-legacy_ka_compacted_multi_block_rt-ka-4-Digest.sha1,1,1,0
legacy_tables-legacy_ka_compacted_multi_block_rt-ka-4-Filter.db,1,0,0
legacy_tables-legacy_ka_compacted_multi_block_rt-ka-4-Index.db,1,0,0
legacy_tables-legacy_ka_compacted_multi_block_rt-ka-4-Statistics.db,1,0,0
legacy_tables-legacy_ka_compacted_multi_block_rt-ka-4-Summary.db,1,0,0
legacy_tables-legacy_ka_compacted_multi_block_rt-ka-4-TOC.txt,1,8,0
legacy_tables-legacy_ka_flushed_multi_block_rt-ka-1-CompressionInfo.db,1,0,0
legacy_tables-legacy_ka_flushed_multi_block_rt-ka-1-Data.db,1,0,0
legacy_tables-legacy_ka_flushed_multi_block_rt-ka-1-Digest.sha1,1,1,0
legacy_tables-legacy_ka_flushed_multi_block_rt-ka-1-Filter.db,1,0,0
legacy_tables-legacy_ka_flushed_multi_block_rt-ka-1-Index.db,1,0,0
legacy_tables-legacy_ka_flushed_multi_block_rt-ka-1-Statistics.db,1,0,0
legacy_tables-legacy_ka_flushed_multi_block_rt-ka-1-Summary.db,1,0,0
legacy_tables-legacy_ka_flushed_multi_block_rt-ka-1-TOC.txt,1,8,0
LongBufferPoolTest.java,1,614,73
SSTableReverseIteratorTest.java,1,98,4
SSTableMetadataTest.java,2,55,19
legacy_tables-legacy_ka_14873-ka-1-CompressionInfo.db,1,0,0
legacy_tables-legacy_ka_14873-ka-1-Data.db,1,0,0
legacy_tables-legacy_ka_14873-ka-1-Digest.sha1,1,1,0
legacy_tables-legacy_ka_14873-ka-1-Filter.db,1,0,0
legacy_tables-legacy_ka_14873-ka-1-Index.db,1,0,0
legacy_tables-legacy_ka_14873-ka-1-Statistics.db,1,0,0
legacy_tables-legacy_ka_14873-ka-1-Summary.db,1,0,0
legacy_tables-legacy_ka_14873-ka-1-TOC.txt,1,8,0
ColumnSlice.java,1,5,75
legacy_tables-legacy_ka_14912-ka-1-CompressionInfo.db,1,0,0
legacy_tables-legacy_ka_14912-ka-1-Data.db,1,0,0
legacy_tables-legacy_ka_14912-ka-1-Digest.sha1,1,1,0
legacy_tables-legacy_ka_14912-ka-1-Filter.db,1,0,0
legacy_tables-legacy_ka_14912-ka-1-Index.db,1,0,0
legacy_tables-legacy_ka_14912-ka-1-Statistics.db,1,0,0
legacy_tables-legacy_ka_14912-ka-1-Summary.db,1,0,0
legacy_tables-legacy_ka_14912-ka-1-TOC.txt,1,8,0
SerializationHeaderTest.java,1,129,4
stop-server.bat,1,2,0
LifecycleNewTracker.java,2,94,0
Join.java,1,1,2
cassandra-cqlsh-tests.sh,2,107,0
setup.cfg,1,4,0
requirements.txt,1,21,0
PagingTest.java,3,258,6
InfiniteLoopExecutor.java,4,102,10
JMXEnabledThreadPoolExecutor.java,1,24,20
InetAddressAndPort.java,1,194,26
MBeanWrapper.java,2,216,0
Mx4jTool.java,2,6,7
MemtableCleanerThread.java,2,150,16
logback-dtest.xml,5,179,0
Coordinator.java,9,532,14
DistributedReadWritePathTest.java,7,476,0
DistributedTestBase.java,9,353,0
Instance.java,36,1908,111
InstanceClassLoader.java,10,496,0
InstanceConfig.java,15,719,34
InstanceIDDefiner.java,3,65,3
InvokableInstance.java,3,446,0
LegacyAdapter.java,1,42,1
MessageFilters.java,5,482,0
RowUtil.java,8,195,18
TestCluster.java,4,684,0
SEPExecutorTest.java,5,89,7
Cluster.java,6,172,7
UpgradeableCluster.java,9,195,8
ICluster.java,3,72,0
ICoordinator.java,4,72,0
IInstance.java,9,121,0
IInstanceConfig.java,5,120,0
IIsolatedExecutor.java,3,256,0
IListen.java,3,56,0
IMessage.java,3,78,0
IMessageFilters.java,4,120,0
AbstractCluster.java,25,1764,118
DelegatingInvokableInstance.java,11,261,32
IInvokableInstance.java,3,136,0
IUpgradeableInstance.java,2,29,0
IsolatedExecutor.java,5,249,34
Listen.java,3,76,7
Versions.java,4,388,0
UpgradeTest.java,5,158,1
UpgradeTestBase.java,10,330,29
ILifecycleTransaction.java,1,38,0
WrappedLifecycleTransaction.java,1,112,16
AntiCompactionBytemanTest.java,1,125,6
nodetool-completion,1,39,0
RemoteSyncTask.java,1,8,4
SyncTask.java,1,34,4
RepairJobTest.java,2,401,30
TestLocator.java,3,194,0
token-generator,2,49,0
config-2_1.yml,13,1023,0
config-2_1.yml.high_res.patch,2,24,0
config.yml.HIGHRES,15,4150,0
config.yml.LOWRES,15,4142,0
generate.sh,4,47,0
readme.md,4,74,0
CompactStorage2to3UpgradeTest.java,5,396,22
IllegalLegacyColumnException.java,2,82,0
UnknownColumnException.java,4,56,3
legacy_tables-legacy_ka_with_illegal_cell_names-ka-1-CRC.db,1,0,0
legacy_tables-legacy_ka_with_illegal_cell_names-ka-1-Data.db,1,0,0
legacy_tables-legacy_ka_with_illegal_cell_names-ka-1-Digest.sha1,1,1,0
legacy_tables-legacy_ka_with_illegal_cell_names-ka-1-Filter.db,1,0,0
legacy_tables-legacy_ka_with_illegal_cell_names-ka-1-Index.db,1,0,0
legacy_tables-legacy_ka_with_illegal_cell_names-ka-1-Statistics.db,1,0,0
legacy_tables-legacy_ka_with_illegal_cell_names-ka-1-Summary.db,1,0,0
legacy_tables-legacy_ka_with_illegal_cell_names-ka-1-TOC.txt,1,8,0
RowFilterTest.java,2,132,1
Feature.java,4,74,0
GossipTest.java,3,365,36
legacy_tables-legacy_ka_with_illegal_cell_names_indexed-ka-1-CRC.db,1,0,0
legacy_tables-legacy_ka_with_illegal_cell_names_indexed-ka-1-Data.db,1,0,0
legacy_tables-legacy_ka_with_illegal_cell_names_indexed-ka-1-Digest.sha1,1,1,0
legacy_tables-legacy_ka_with_illegal_cell_names_indexed-ka-1-Filter.db,1,0,0
legacy_tables-legacy_ka_with_illegal_cell_names_indexed-ka-1-Index.db,1,0,0
legacy_tables-legacy_ka_with_illegal_cell_names_indexed-ka-1-Statistics.db,1,0,0
legacy_tables-legacy_ka_with_illegal_cell_names_indexed-ka-1-TOC.txt,1,8,0
ThriftIllegalColumnsTest.java,1,100,3
UnauthorizedException.java,1,5,2
ResourceLimits.java,1,245,31
InflightRequestPayloadTrackerTest.java,1,248,11
ExecutorUtils.java,2,175,30
ResourceLeakTest.java,3,230,21
ConfiguredLimit.java,1,117,15
ProtocolVersionLimit.java,1,27,0
DynamicLimitTest.java,1,111,3
ProtocolNegotiationTest.java,1,166,11
ProtocolTestHelper.java,1,95,12
DistributedTestSnitch.java,3,154,17
NetworkTopology.java,3,286,0
TracingUtil.java,2,117,10
MessageForwardingTest.java,2,102,4
NetworkTopologyTest.java,4,159,6
MixedModeReadRepairTest.java,5,192,2
legacy_tables-legacy_ka_with_illegal_cell_names-ka-2-CompressionInfo.db,1,0,0
legacy_tables-legacy_ka_with_illegal_cell_names-ka-2-Data.db,1,0,0
legacy_tables-legacy_ka_with_illegal_cell_names-ka-2-Digest.sha1,1,1,0
legacy_tables-legacy_ka_with_illegal_cell_names-ka-2-Filter.db,1,0,0
legacy_tables-legacy_ka_with_illegal_cell_names-ka-2-Index.db,1,0,0
legacy_tables-legacy_ka_with_illegal_cell_names-ka-2-Statistics.db,1,0,0
legacy_tables-legacy_ka_with_illegal_cell_names-ka-2-TOC.txt,1,8,0
legacy_tables-legacy_ka_with_illegal_cell_names_2-ka-1-CompressionInfo.db,1,0,0
legacy_tables-legacy_ka_with_illegal_cell_names_2-ka-1-Data.db,1,0,0
legacy_tables-legacy_ka_with_illegal_cell_names_2-ka-1-Digest.sha1,1,1,0
legacy_tables-legacy_ka_with_illegal_cell_names_2-ka-1-Filter.db,1,0,0
legacy_tables-legacy_ka_with_illegal_cell_names_2-ka-1-Index.db,1,0,0
legacy_tables-legacy_ka_with_illegal_cell_names_2-ka-1-Statistics.db,1,0,0
legacy_tables-legacy_ka_with_illegal_cell_names_2-ka-1-Summary.db,1,0,0
legacy_tables-legacy_ka_with_illegal_cell_names_2-ka-1-TOC.txt,1,8,0
CancelCompactionsTest.java,1,98,5
LegacyLayoutValidationTest.java,2,226,19
NativeProtocolTest.java,3,127,2
legacy_tables-legacy_ka_15081-ka-1-CompressionInfo.db,1,0,0
legacy_tables-legacy_ka_15081-ka-1-Data.db,1,0,0
legacy_tables-legacy_ka_15081-ka-1-Digest.sha1,1,1,0
legacy_tables-legacy_ka_15081-ka-1-Filter.db,1,0,0
legacy_tables-legacy_ka_15081-ka-1-Index.db,1,0,0
legacy_tables-legacy_ka_15081-ka-1-Statistics.db,1,0,0
legacy_tables-legacy_ka_15081-ka-1-Summary.db,1,0,0
legacy_tables-legacy_ka_15081-ka-1-TOC.txt,1,8,0
MigrationManagerTest.java,1,85,3
SizeTieredCompactionStrategyOptions.java,1,7,14
Stop.java,2,4,2
INodeProbeFactory.java,1,42,2
InternalNodeProbe.java,2,180,16
InternalNodeProbeFactory.java,2,46,3
NodeToolTest.java,4,57,2
GossipSettlesTest.java,2,58,1
LongBTreeTest.java,1,13,65
Jenkinsfile,12,736,0
ColumnDefinitionVersionComparator.java,1,85,8
SSTableHeaderFix.java,1,921,147
ColumnDefinitionVersionComparatorTest.java,1,29,21
SSTableHeaderFixTest.java,1,962,84
TupleTypesRepresentationTest.java,1,403,11
MessageFiltersTest.java,3,361,21
BootstrapTest.java,3,172,5
ExpireEndpointTest.java,1,57,1
ArrivalWindowTest.java,1,14,1
test-native-port.yaml,1,57,0
LoaderOptionsTest.java,1,47,1
InstanceKiller.java,1,50,3
MessageImpl.java,1,27,6
SimpleReadWritePathTest.java,2,243,21
TestBaseImpl.java,2,58,3
SimpleReadWriteTest.java,3,273,29
DistinctQueryPagingTest.java,1,260,20
DiskSpaceMetricsTest.java,1,139,14
DataRange.java,2,21,57
DuplicateRowChecker.java,1,139,14
SnapshotVerbHandler.java,1,5,3
DiagnosticSnapshotService.java,1,188,16
DuplicateRowCheckerTest.java,1,240,20
EmptySerializer.java,2,7,6
EmptyTypeTest.java,2,96,9
MixedModeRangeTombstoneTest.java,1,73,1
legacy_tables-legacy_ka_cql_created_dense_table_with_bytes-ka-1-CompressionInfo.db,1,0,0
legacy_tables-legacy_ka_cql_created_dense_table_with_bytes-ka-1-Data.db,1,0,0
legacy_tables-legacy_ka_cql_created_dense_table_with_bytes-ka-1-Digest.sha1,1,1,0
legacy_tables-legacy_ka_cql_created_dense_table_with_bytes-ka-1-Filter.db,1,0,0
legacy_tables-legacy_ka_cql_created_dense_table_with_bytes-ka-1-Index.db,1,0,0
legacy_tables-legacy_ka_cql_created_dense_table_with_bytes-ka-1-Statistics.db,1,0,0
legacy_tables-legacy_ka_cql_created_dense_table_with_bytes-ka-1-Summary.db,1,0,0
legacy_tables-legacy_ka_cql_created_dense_table_with_bytes-ka-1-TOC.txt,1,8,0
legacy_tables-legacy_ka_cql_created_dense_table_with_int-ka-1-CompressionInfo.db,1,0,0
legacy_tables-legacy_ka_cql_created_dense_table_with_int-ka-1-Data.db,1,0,0
legacy_tables-legacy_ka_cql_created_dense_table_with_int-ka-1-Digest.sha1,1,1,0
legacy_tables-legacy_ka_cql_created_dense_table_with_int-ka-1-Filter.db,1,0,0
legacy_tables-legacy_ka_cql_created_dense_table_with_int-ka-1-Index.db,1,0,0
legacy_tables-legacy_ka_cql_created_dense_table_with_int-ka-1-Statistics.db,1,0,0
legacy_tables-legacy_ka_cql_created_dense_table_with_int-ka-1-Summary.db,1,0,0
legacy_tables-legacy_ka_cql_created_dense_table_with_int-ka-1-TOC.txt,1,8,0
ReplicaFilteringProtection.java,2,888,45
Accumulator.java,2,22,19
AccumulatorTest.java,2,88,7
DisallowedDirectories.java,1,29,13
DisallowedDirectoriesMBean.java,1,3,0
CorruptedSSTablesCompactionsTest.java,2,20,14
jackson-annotations-2.9.10.jar,2,0,0
jackson-core-2.9.10.jar,2,0,0
jackson-databind-2.9.10.4.jar,1,0,0
TombstoneOverwhelmingException.java,1,4,8
ReadRepairTest.java,1,87,5
ByteBuddyExamples.java,1,123,8
EmptyValuesTest.java,2,246,19
UUIDTypeTest.java,2,12,81
ThriftClientTest.java,2,69,1
ThriftClientUtils.java,2,56,3
JVMStabilityInspectorCorruptSSTableExceptionTest.java,1,205,20
ForwardingSSTableReader.java,1,766,117
ReplicaFilteringProtectionOptions.java,1,28,0
EncodingStats.java,1,24,47
ReplicaFilteringProtectionTest.java,1,244,16
EncodingStatsTest.java,1,145,9
CassandraXMLJUnitResultFormatter.java,1,4,49
ShortReadProtectionTest.java,1,158,10
IndexModeTest.java,1,222,15
JVMDTestTest.java,3,172,5
LeveledGenerations.java,3,348,50
LongLeveledCompactionStrategyCQLTest.java,1,92,5
LeveledGenerationsTest.java,1,199,17
FrozenUDTTest.java,1,153,12
TuplesWithNullsComparisonTest.java,1,78,3
RepairOperationalTest.java,1,163,10
MixedModeReadTest.java,1,102,6
ThreadLocalByteBufferHolder.java,1,83,4
SchemaTest.java,3,233,7
ShutdownException.java,1,30,1
ClusterIDDefiner.java,1,47,3
FileLogAction.java,1,133,15
Byteman.java,1,207,19
Shared.java,1,37,0
BootstrapBinaryDisabledTest.java,1,165,15
ClientNetworkStopStartTest.java,2,220,13
stream_failure.btm,2,31,0
Output.java,1,35,1
BootstrapResume.java,1,4,2
ClearSnapshot.java,1,4,4
DescribeRing.java,1,8,3
FailureDetectorInfo.java,1,4,2
GcStats.java,1,6,1
GetCompactionThreshold.java,1,8,1
GetCompactionThroughput.java,1,4,1
GetEndpoints.java,1,4,2
GetInterDCStreamThroughput.java,1,2,1
GetLoggingLevels.java,1,6,2
GetStreamThroughput.java,1,4,1
GetTraceProbability.java,1,2,1
GossipInfo.java,1,4,1
RangeKeySample.java,1,6,2
Refresh.java,1,2,1
RemoveNode.java,1,6,3
StatusBackup.java,1,4,2
StatusBinary.java,1,4,2
StatusGossip.java,1,4,2
StatusHandoff.java,1,4,2
StatusThrift.java,1,4,2
Verify.java,1,4,3
YamlConfigurationLoaderTest.java,2,57,1
GossipShutdownTest.java,1,135,13
MigrationCoordinator.java,5,598,97
MigrationCoordinatorTest.java,6,490,24
LongSharedExecutorPoolTest.java,1,8,37
CompactionValidationTest.java,1,158,5
CASTest.java,2,726,48
InstanceMetrics.java,1,183,39
MetricsTest.java,1,48,1
DecimalSerializer.java,1,2,11
DecimalSerializerTest.java,1,51,1
HintsDescriptorTest.java,1,35,10
MemtableCleaner.java,1,40,0
MemtableCleanerThreadTest.java,1,187,8
NativeAllocatorTest.java,2,206,7
UpdatesCollector.java,1,22,16
BatchStatementBench.java,1,147,7
SSTableAndMemTableDigestMatchTest.java,2,160,11
cassandra_ssl_test.keystore,1,0,0
cassandra_ssl_test.truststore,1,0,0
InternodeEncryptionEnforcementTest.java,2,161,6
GroupByTest.java,1,44,10
DTestSerializer.java,1,87,7
compat,3,6,0
ReadDigestConsistencyTest.java,1,113,7
jackson-databind-2.9.10.8.jar,2,0,0
ApplicationState.java,1,23,0
VersionAndType.java,1,93,12
InitialSSTableAddedNotification.java,1,36,1
SSTableAddedNotification.java,1,1,1
SSTablesGlobalTracker.java,1,284,41
SSTablesVersionsInUseChangeNotification.java,1,50,2
DropCompactStorageTest.java,2,71,3
VersionAndTypeTest.java,1,51,2
SSTablesGlobalTrackerTest.java,1,162,15
build-rat.xml,9,347,0
.rat-excludes,1,34,0
CONTRIBUTING.md,2,28,0
native_protocol_v1.spec,1,17,0
native_protocol_v2.spec,1,17,0
cassandra_pig.yaml,1,18,0
commitlog_compression.yaml,1,18,0
ShadowRoundTest.java,2,100,14
md-1-big-CompressionInfo.db,8,0,0
md-1-big-Data.db,8,0,0
md-1-big-Digest.crc32,8,8,0
md-1-big-Filter.db,8,0,0
md-1-big-Index.db,8,0,0
md-1-big-Statistics.db,8,0,0
md-1-big-Summary.db,8,0,0
md-1-big-TOC.txt,8,64,0
me-1-big-CompressionInfo.db,8,0,0
me-1-big-Data.db,8,0,0
me-1-big-Digest.crc32,8,8,0
me-1-big-Filter.db,8,0,0
me-1-big-Index.db,8,0,0
me-1-big-Statistics.db,8,0,0
me-1-big-Summary.db,8,0,0
me-1-big-TOC.txt,8,64,0
ColumnSubselection.java,1,1,33
license.yml,3,20,0
RepeatableRunner.java,1,109,7
BloomFilterTracker.java,1,25,9
UnableToParseClientMessageTest.java,1,88,1
WrappedSimpleClient.java,1,67,9
SinglePartitionReadCommandTest.java,2,190,6
sslhandling.py,2,40,19
sslhandling.config,2,4,0
sslhandling_invalid.config,2,4,0
test_sslhandling.py,2,150,10
SSTableLevelResetter.java,1,7,10
test_constants.py,1,37,2
reserved_keywords.txt,1,62,0
SpeculativeRetryParamParseTest.java,1,106,6
config-2_1.yml.mid_res.patch,1,74,0
config.yml.MIDRES,1,1634,0
build-resolver.xml,5,584,0
ST4-4.0.8.jar,2,0,0
airline-0.6.jar,2,0,0
antlr-runtime-3.5.2.jar,2,0,0
asm-5.0.4.jar,2,0,0
commons-cli-1.1.jar,2,0,0
commons-lang3-3.1.jar,2,0,0
commons-math3-3.2.jar,2,0,0
compress-lzf-0.8.4.jar,2,0,0
concurrentlinkedhashmap-lru-1.4.jar,2,0,0
disruptor-3.0.1.jar,2,0,0
ecj-4.4.2.jar,2,0,0
futures-2.1.6-py2.py3-none-any.zip,2,0,0
guava-18.0.jar,2,0,0
high-scale-lib-1.0.6.jar,2,0,0
jackson-mapper-asl-1.9.2.jar,1,0,0
jamm-0.3.0.jar,2,0,0
javax.inject.jar,2,0,0
jbcrypt-0.3m.jar,2,0,0
jcl-over-slf4j-1.7.7.jar,2,0,0
joda-time-2.4.jar,2,0,0
json-simple-1.1.jar,2,0,0
libthrift-0.9.2.jar,2,0,0
ST4-4.0.8.txt,2,54,0
airline-0.6.txt,2,404,0
antlr-runtime-3.5.2.txt,2,54,0
asm-5.0.4.txt,2,58,0
commons-cli-1.1.txt,2,404,0
commons-codec-1.2.txt,1,202,0
commons-lang3-3.1.txt,2,404,0
commons-math3-3.2.txt,2,404,0
compress-lzf-0.8.4.txt,2,22,0
concurrentlinkedhashmap-lru-1.4.txt,2,404,0
disruptor-3.0.1.txt,2,402,0
ecj-4.4.2.txt,2,420,0
futures-2.1.6.txt,2,42,0
guava-18.0.txt,2,404,0
high-scale-lib-1.0.6.txt,2,58,0
jackson-core-asl-1.9.2.txt,1,202,0
jackson-mapper-asl-1.9.2.txt,1,202,0
jamm-0.3.0.txt,2,404,0
javax.inject.txt,2,404,0
jbcrypt-0.3m.txt,2,34,0
jcl-over-slf4j-1.7.7.txt,2,40,0
joda-time-2.4.txt,2,402,0
json-simple-1.1.txt,2,404,0
libthrift-0.9.2.txt,2,404,0
log4j-over-slf4j-1.7.7.txt,2,40,0
lz4-1.3.0.txt,2,468,0
metrics-core-3.1.0.txt,1,202,0
metrics-logback-3.1.0.txt,1,202,0
reporter-config-base-3.0.0.txt,1,177,0
reporter-config3-3.0.0.txt,1,177,0
sigar-1.6.4.txt,2,402,0
six-1.7.3.txt,2,36,0
slf4j-api-1.7.7.txt,2,40,0
snakeyaml-1.11.txt,2,404,0
snappy-java-1.1.1.7.txt,2,418,0
stream-2.5.2.txt,2,404,0
log4j-over-slf4j-1.7.7.jar,2,0,0
logback-classic-1.1.3.jar,2,0,0
logback-core-1.1.3.jar,2,0,0
lz4-1.3.0.jar,2,0,0
sigar-1.6.4.jar,2,0,0
libsigar-amd64-freebsd-6.so,2,0,0
libsigar-amd64-linux.so,2,0,0
libsigar-amd64-solaris.so,2,0,0
libsigar-ia64-hpux-11.sl,2,0,0
libsigar-ia64-linux.so,2,0,0
libsigar-pa-hpux-11.sl,2,0,0
libsigar-ppc-aix-5.so,2,0,0
libsigar-ppc-linux.so,2,0,0
libsigar-ppc64-aix-5.so,2,0,0
libsigar-ppc64-linux.so,2,0,0
libsigar-s390x-linux.so,2,0,0
libsigar-sparc-solaris.so,2,0,0
libsigar-sparc64-solaris.so,2,0,0
libsigar-universal-macosx.dylib,2,0,0
libsigar-universal64-macosx.dylib,2,0,0
libsigar-x86-freebsd-5.so,2,0,0
libsigar-x86-freebsd-6.so,2,0,0
libsigar-x86-linux.so,2,0,0
libsigar-x86-solaris.so,2,0,0
sigar-amd64-winnt.dll,2,0,0
sigar-x86-winnt.dll,2,0,0
sigar-x86-winnt.lib,2,0,0
six-1.7.3-py2.py3-none-any.zip,2,0,0
slf4j-api-1.7.7.jar,2,0,0
snakeyaml-1.11.jar,2,0,0
snappy-java-1.1.1.7.jar,2,0,0
stream-2.5.2.jar,2,0,0
thrift-server-0.3.7.jar,2,0,0
JStackJUnitTask.java,2,244,13
